report_date,geoid,short_name,staffed_beds,occupied_beds,adult_covid,covid_per_cap,pediatric_covid,occupied_icu_beds,staffed_icu_beds,adult_covid_icu
2020-07-31,16020,Cape Girardeau,433.3,270,24.3,56.08123701823217,0,33.599999999999994,56,9.7
2020-08-07,16020,Cape Girardeau,436.2,264.2,17.9,41.03622191655204,0,29.9,56,5.3
2020-08-14,16020,Cape Girardeau,436.8,284.2,17.7,40.521978021978015,0,35.9,56,5.2
2020-08-21,16020,Cape Girardeau,437.4,282.3,22.4,51.21170553269319,0,29.5,56,0
2020-08-28,16020,Cape Girardeau,434.7,264.9,23.8,54.750402576489535,0,36.1,56,0
2020-09-04,16020,Cape Girardeau,431.5,268.6,29.6,68.59791425260718,0,35.7,56,6.7
2020-09-11,16020,Cape Girardeau,431.7,289.3,33.6,77.8318276580959,0,36.4,56,12
2020-09-18,16020,Cape Girardeau,431,298.4,35.900000000000006,83.29466357308586,0,29.799999999999997,56,13
2020-09-25,16020,Cape Girardeau,433.7,286.2,43.900000000000006,101.22204288678812,0,30.8,56,13.899999999999999
2020-10-02,16020,Cape Girardeau,435.6,290.40000000000003,52.1,119.60514233241506,0,36.8,56,20
2020-10-09,16020,Cape Girardeau,436.9,283.6,51,116.73151750972762,0,41.7,56,22.1
2020-10-16,16020,Cape Girardeau,464.4,291.4,54,116.27906976744187,0,40.3,56,18.7
2020-10-23,16020,Cape Girardeau,436.6,301.6,61,139.71598717361428,0,40.2,56,19.5
2020-10-30,16020,Cape Girardeau,436.2,292.2,62.800000000000004,143.97065566254014,0,37.8,50.400000000000006,17.3
2020-11-06,16020,Cape Girardeau,434.9,304.5,79.3,182.340767992642,0,42.5,55.3,22.700000000000003
2020-11-13,16020,Cape Girardeau,446.40000000000003,317.5,100.5,225.13440860215053,0,46.6,54.6,25.4
2020-11-20,16020,Cape Girardeau,354.4,305.2,97.5,275.1128668171558,0,43.7,55.1,26.4
2020-11-27,16020,Cape Girardeau,294.9,297.8,90.3,306.205493387589,0,48.8,56,29
2020-12-04,16020,Cape Girardeau,337.90000000000003,320.8,98.9,292.69014501331753,0,49.3,53.7,30.799999999999997
2020-12-11,16020,Cape Girardeau,328,297.8,79.8,243.29268292682926,0,42.9,53.1,19
2020-12-18,16020,Cape Girardeau,323.2,290.3,74.5,230.50742574257427,0,38.9,53.6,14.2
2020-12-25,16020,Cape Girardeau,289.9,261.3,69.9,241.11762676785102,0,31,49.1,9.5
2021-01-01,16020,Cape Girardeau,327.8,296.09999999999997,74.8,228.1879194630872,0,33.599999999999994,49.1,9.6
2021-01-08,16020,Cape Girardeau,336.4,305.9,65.5,194.7086801426873,0,40,52.3,5.6
2021-01-15,16020,Cape Girardeau,320.7,294.8,57.5,179.29529154973494,0,36.7,51.9,10.7
2021-01-22,16020,Cape Girardeau,328.4,285.6,46.9,142.8136419001218,0,41,53.4,6.7
2021-01-29,16020,Cape Girardeau,324.20000000000005,291.9,41.3,127.3904996915484,0,38.9,51.9,6.4
2021-02-05,16020,Cape Girardeau,301.1,264.9,34.3,113.91564264363997,0,36.1,50.7,10.4
2021-02-12,16020,Cape Girardeau,276.2,238.2,30.299999999999997,109.70311368573498,0,31,48.6,5.7
2021-02-19,16020,Cape Girardeau,294.7,256.2,26.299999999999997,89.24329826942653,0,31.400000000000002,50.1,0
2021-02-26,16020,Cape Girardeau,311.8,273.4,24.9,79.85888389993585,0,31.8,47.4,4.3
2021-03-05,16020,Cape Girardeau,304.7,270.7,21.5,70.56120774532327,0,33.2,47,0
2021-03-12,16020,Cape Girardeau,310.3,268.3,12.7,40.92813406380921,0,34.3,49.4,0
2021-03-19,16020,Cape Girardeau,305.4,276.1,12,39.29273084479372,0,30.6,48.7,0
2021-03-26,16020,Cape Girardeau,312.6,280.7,12,38.38771593090211,0,28.5,48.9,0
2021-04-02,16020,Cape Girardeau,302.9,268.1,11.3,37.3060415978871,0,26.299999999999997,48.1,0
2021-04-09,16020,Cape Girardeau,303.2,276.9,10,32.98153034300792,0,29,45.7,0
2021-04-16,16020,Cape Girardeau,293,254.6,9.1,31.0580204778157,0,26.5,45,0
2021-04-23,16020,Cape Girardeau,315.4,282.79999999999995,8.1,25.681674064679772,0,23.9,43,0
2021-04-30,16020,Cape Girardeau,312,278,6.1,19.55128205128205,0,22.5,41.6,0
2021-05-07,16020,Cape Girardeau,307.5,263.2,15.9,51.707317073170735,0,26.2,46.4,4.4
2021-05-14,16020,Cape Girardeau,316.9,274.8,14.5,45.75575891448406,0,27.6,46.1,0
2021-05-21,16020,Cape Girardeau,312,274.8,5,16.025641025641026,0,28.4,47.7,0
2021-05-28,16020,Cape Girardeau,314.7,278.7,0,0,0,30.5,48.9,0
2021-06-04,16020,Cape Girardeau,318.6,301.5,0,0,0,29.400000000000002,48.4,0
2021-06-11,16020,Cape Girardeau,326.9,297.4,0,0,0,25.7,43,0
2021-06-18,16020,Cape Girardeau,312,279.6,0,0,0,24.2,42.1,0
2021-06-25,16020,Cape Girardeau,328.5,279.3,0,0,0,31.5,48.9,0
2021-07-02,16020,Cape Girardeau,310.7,276.7,0,0,0,32.5,48.3,0
2021-07-09,16020,Cape Girardeau,319.1,299.5,7.7,24.13036665622062,0,35.8,49.9,0
2021-07-16,16020,Cape Girardeau,308.1,286.8,21,68.15968841285297,0,29.799999999999997,43.4,4.4
2021-07-23,16020,Cape Girardeau,306.5,285.5,25.8,84.17618270799348,0,28.4,45.9,10.2
2021-07-30,16020,Cape Girardeau,287.1,283.3,36.599999999999994,127.48171368861023,0,32.8,47.1,12.6
2021-08-06,16020,Cape Girardeau,303.6,291.8,47.2,155.467720685112,0,41.5,50.6,19.6
2021-08-13,16020,Cape Girardeau,308,295.7,69.3,224.99999999999997,0,45.599999999999994,50.9,27
2021-08-20,16020,Cape Girardeau,309.3,297.9,76.69999999999999,247.97930811509855,0,46.400000000000006,51.1,32.9
2021-08-27,16020,Cape Girardeau,299.3,283.3,72.6,242.56598730370862,0,40.7,47.9,27.5
2021-09-03,16020,Cape Girardeau,290.29999999999995,268.4,50.9,175.33585945573546,0,34.2,46.6,21.9
2021-09-10,16020,Cape Girardeau,309,284.4,54.6,176.6990291262136,0,35.5,50.6,19.6
2021-09-17,16020,Cape Girardeau,313.8,292.7,56.4,179.7323135755258,0,37.6,49.4,19.2
2021-09-24,16020,Cape Girardeau,301,275.9,51.8,172.09302325581393,0,35.599999999999994,48.3,19.7
2021-10-01,16020,Cape Girardeau,286.9,260.8,47.5,165.56291390728478,0,33.3,47.6,15.4
2021-10-08,16020,Cape Girardeau,295.5,266.8,35.9,121.48900169204738,0,36.4,46.4,11
2020-07-31,17860,Columbia,441,352.4,19.200000000000003,43.5374149659864,0,83.1,110.8,5.9
2020-08-07,17860,Columbia,441,341.1,23.7,53.74149659863946,0,81.80000000000001,112.6,11.5
2020-08-14,17860,Columbia,441,335.6,23.7,53.74149659863946,0,76.2,113,6.3
2020-08-21,17860,Columbia,441,334.4,30.299999999999997,68.70748299319727,0,102.4,164,6.4
2020-08-28,17860,Columbia,441,355.5,38.3,86.84807256235827,0,103.30000000000001,164.1,10.6
2020-09-04,17860,Columbia,833,510.9,49,58.8235294117647,0,100,164,8.4
2020-09-11,17860,Columbia,835,525.5,49.8,59.64071856287425,0,100.4,165.1,13
2020-09-18,17860,Columbia,840,517.3,47.9,57.023809523809526,0,101.2,164.3,13.3
2020-09-25,17860,Columbia,883,542.9,55,62.2876557191393,0,105.2,168.1,20.1
2020-10-02,17860,Columbia,892,545.5,51.4,57.62331838565022,0,105.7,162.4,24
2020-10-09,17860,Columbia,884,549.7,57.4,64.93212669683258,0,108.9,162.5,27.4
2020-10-16,17860,Columbia,882.3,546.7,71,80.47149495636405,0,112.2,163,26.4
2020-10-23,17860,Columbia,830,559.5,74,89.1566265060241,0,109,161.4,29.799999999999997
2020-10-30,17860,Columbia,787.1,564.1999999999999,98.5,125.14292974209121,0,116.39999999999999,163,29.4
2020-11-06,17860,Columbia,725.3,544.6999999999999,126.2,173.99696677237006,0,120.6,146.2,39.8
2020-11-13,17860,Columbia,717.6,523.8000000000001,131.4,183.11036789297657,0,119.9,146.1,40.9
2020-11-20,17860,Columbia,722.3,528.7,134.4,186.07226914024648,0,119.8,145.9,43.1
2020-11-27,17860,Columbia,803,517.6,137.4,171.10834371108345,0,117.89999999999999,145.7,41.3
2020-12-04,17860,Columbia,804.3,536.6,144.7,179.90799452940445,0,118.3,145.8,35
2020-12-11,17860,Columbia,806.7,533.6,145.20000000000002,179.99256229081445,0,116.89999999999999,146,35.1
2020-12-18,17860,Columbia,804.3,527.8,146.29999999999998,181.89730200174066,0,117,145.7,32.5
2020-12-25,17860,Columbia,805,501.09999999999997,131.5,163.35403726708074,0,103,145.1,21.5
2021-01-01,17860,Columbia,808.7,504.2,120.80000000000001,149.3755409917151,0,109.4,145.1,23.7
2021-01-08,17860,Columbia,805.9,513.2,116.2,144.186623650577,0,111.5,145.1,26.1
2021-01-15,17860,Columbia,804.6,500,102.39999999999999,127.26820780512055,0,109.60000000000001,145.4,24.5
2021-01-22,17860,Columbia,825.8,547.8,85.60000000000001,103.65705982077986,0,113.60000000000001,145.4,23.6
2021-01-29,17860,Columbia,808,532.8000000000001,78.7,97.4009900990099,0,113,146,23.1
2021-02-05,17860,Columbia,807.1999999999999,521.8000000000001,69.2,85.72844400396433,0,109.80000000000001,145.8,16.4
2021-02-12,17860,Columbia,808,512.7,58.3,72.15346534653465,0,99.1,145.4,12
2021-02-19,17860,Columbia,808.7,514.3000000000001,55.800000000000004,68.99962903425251,0,101.9,145.4,15.399999999999999
2021-02-26,17860,Columbia,812.7,527.1,42.3,52.048726467331115,0,109.5,146.1,9.7
2021-03-05,17860,Columbia,806.9,533.6999999999999,39.7,49.20064444169042,0,109.5,145.1,11.3
2021-03-12,17860,Columbia,805.7,492.6,36,44.681643291547715,0,102.30000000000001,144.9,6.3
2021-03-19,17860,Columbia,806.4,501.59999999999997,38.3,47.495039682539684,0,106.9,145.1,4.9
2021-03-26,17860,Columbia,806.4,495.20000000000005,26,32.242063492063494,0,100.2,144.3,0
2021-04-02,17860,Columbia,806.7,513.4,25.3,31.362340399157056,0,103.5,145,0
2021-04-09,17860,Columbia,804.9,580.1,27,33.54453969437198,0,103.69999999999999,149.3,0
2021-04-16,17860,Columbia,795.6,541.3000000000001,23.799999999999997,29.914529914529908,0,99.1,149.9,0
2021-04-23,17860,Columbia,798.4,539.7,18.3,22.920841683366735,0,104.6,150.4,0
2021-04-30,17860,Columbia,809.1,555.1,18.9,23.359288097886537,0,102.6,150.7,0
2021-05-07,17860,Columbia,809.7,529.6,26.599999999999998,32.851673459305914,0,105,149.9,0
2021-05-14,17860,Columbia,814.3,535.1,25,30.70121576814442,0,105,149.4,4.1
2021-05-21,17860,Columbia,807.4,531,30.200000000000003,37.40401288085212,0,113.9,151.3,0
2021-05-28,17860,Columbia,801.7,573.6,36.7,45.777722340027445,0,109.8,149.3,7
2021-06-04,17860,Columbia,790.4,551.7,37.5,47.44433198380567,0,108.3,149.9,12.3
2021-06-11,17860,Columbia,790.9,564.7,37.6,47.54077633076243,0,109.3,150.6,8
2021-06-18,17860,Columbia,794.1,584.4,50.7,63.84586324140537,0,109.7,150.1,9.1
2021-06-25,17860,Columbia,801.3,575.2,49.3,61.52502183951079,0,109.39999999999999,150.9,10.3
2021-07-02,17860,Columbia,793.9,566.8000000000001,66.9,84.26753999244238,0,114.1,150,11.7
2021-07-09,17860,Columbia,792.6,543.4,81.5,102.82614181175877,0,108.1,149.4,22.4
2021-07-16,17860,Columbia,796.6,571,86.7,108.83755962842079,0,113.3,149.6,20.7
2021-07-23,17860,Columbia,790,567.4,91.6,115.94936708860759,4.3,106.4,149.7,28.099999999999998
2021-07-30,17860,Columbia,782.6,579.4,102.10000000000001,130.46256069511884,0,108.89999999999999,145,25.1
2021-08-06,17860,Columbia,789,576.9,115.8,146.7680608365019,4.1,108.3,145,26.5
2021-08-13,17860,Columbia,793.1,584.6,124.2,156.60068087252554,5,118.89999999999999,149.6,27.3
2021-08-20,17860,Columbia,792.4,548.4,116.5,147.02170620898536,0,119.5,149.1,27.3
2021-08-27,17860,Columbia,791.6,560,116.2,146.79130874178878,4.3,115.39999999999999,149.3,33.400000000000006
2021-09-03,17860,Columbia,787.9,552.9,90.9,115.36997080847824,0,107.3,149,27
2021-09-10,17860,Columbia,793.3,572,85.8,108.15580486575065,5,112.2,149.9,20
2021-09-17,17860,Columbia,792.1,569.8000000000001,83.3,105.1634894584017,6,117.80000000000001,150.1,18
2021-09-24,17860,Columbia,789.1,561.6,68.4,86.68102902040299,4.9,110,149.3,14
2021-10-01,17860,Columbia,787.6,571.3000000000001,49.099999999999994,62.34128999492127,0,109.10000000000001,145,14
2021-10-08,17860,Columbia,792.9,597.8,48.7,61.42010341783328,0,107.60000000000001,149,8.4
2020-07-31,27620,Jefferson City,141,84.60000000000001,5,35.46099290780142,0,7.7,20,0
2020-08-07,27620,Jefferson City,141,79.30000000000001,11.4,80.85106382978724,0,8.7,20,4
2020-08-14,27620,Jefferson City,141,78.10000000000001,12.3,87.23404255319149,0,5,20,0
2020-08-21,27620,Jefferson City,141,86.8,16.4,116.31205673758863,0,15.3,20,4.7
2020-08-28,27620,Jefferson City,136.9,89,13.7,100.07304601899196,0,15.2,20,0
2020-09-04,27620,Jefferson City,141,99.89999999999999,22,156.02836879432624,0,18.4,21.7,5
2020-09-11,27620,Jefferson City,141,94.7,27,191.48936170212767,0,15.9,24,0
2020-09-18,27620,Jefferson City,144.4,91.8,23.200000000000003,160.66481994459835,0,17,24,0
2020-09-25,27620,Jefferson City,204.5,155,21.9,107.09046454767726,0,17,23.3,0
2020-10-02,27620,Jefferson City,202.4,165,32.1,158.59683794466403,0,16.5,20.6,0
2020-10-09,27620,Jefferson City,199.6,161,35.9,179.85971943887773,0,17,20.1,5.6
2020-10-16,27620,Jefferson City,251.9,140,36.7,145.69273521238588,0,17,22,5.3
2020-10-23,27620,Jefferson City,247,149.9,30.5,123.48178137651821,0,16.9,22,5
2020-10-30,27620,Jefferson City,255.6,169.7,44.7,174.88262910798124,0,18.3,22,7.3
2020-11-06,27620,Jefferson City,272,179.70000000000002,62,227.94117647058823,0,16.3,22,4.9
2020-11-13,27620,Jefferson City,272,165.10000000000002,67.80000000000001,249.26470588235298,0,19.4,23.3,9.6
2020-11-20,27620,Jefferson City,267.4,156.1,62.099999999999994,232.23635003739716,0,18.6,23.200000000000003,8.6
2020-11-27,27620,Jefferson City,261.9,151.20000000000002,51.3,195.8762886597938,0,19.7,23.7,0
2020-12-04,27620,Jefferson City,260.4,147,38.5,147.8494623655914,0,17.5,22.6,0
2020-12-11,27620,Jefferson City,268.1,135.7,29.799999999999997,111.15255501678477,0,18.6,22,0
2020-12-18,27620,Jefferson City,293,132.4,38.599999999999994,131.74061433447096,0,18.4,22,11
2020-12-25,27620,Jefferson City,293,141.3,33.8,115.35836177474401,0,19.7,22,11.7
2021-01-01,27620,Jefferson City,293,152.70000000000002,36,122.86689419795222,0,15.4,22,9.4
2021-01-08,27620,Jefferson City,293,147.3,38,129.6928327645051,0,17.2,22,5.1
2021-01-15,27620,Jefferson City,293,130.5,24.8,84.64163822525597,0,12.6,22,4.6
2021-01-22,27620,Jefferson City,293,149.29999999999998,16.9,57.679180887372006,0,12.7,22,0
2021-01-29,27620,Jefferson City,293,132.79999999999998,16.4,55.972696245733786,0,11.9,22,0
2021-02-05,27620,Jefferson City,293,139.6,11.1,37.8839590443686,0,11.7,22,0
2021-02-12,27620,Jefferson City,293,139.79999999999998,8.3,28.32764505119454,0,12.6,22,0
2021-02-19,27620,Jefferson City,293,144.9,5.7,19.45392491467577,0,11.4,22,0
2021-02-26,27620,Jefferson City,293,131.29999999999998,4,13.651877133105803,0,12,22,0
2021-03-05,27620,Jefferson City,293,125.9,4.7,16.040955631399317,0,4.7,22,0
2021-03-12,27620,Jefferson City,293,106,0,0,0,6.7,22,0
2021-03-19,27620,Jefferson City,286,122.6,0,0,0,11.8,22,0
2021-03-26,27620,Jefferson City,246.3,129.1,0,0,0,10.5,22,0
2021-04-02,27620,Jefferson City,198.7,134.7,0,0,0,14.8,22,0
2021-04-09,27620,Jefferson City,198.7,118.6,4.7,23.653749370910923,0,12.9,22,0
2021-04-16,27620,Jefferson City,195.1,129,0,0,0,13.2,22,0
2021-04-23,27620,Jefferson City,212.3,149.5,6.4,30.146019783325485,0,12.7,22,0
2021-04-30,27620,Jefferson City,209.3,132.4,0,0,0,12.2,22,0
2021-05-07,27620,Jefferson City,208.7,114.1,0,0,0,5.4,22,0
2021-05-14,27620,Jefferson City,208.4,119.7,0,0,0,4.4,22,0
2021-05-21,27620,Jefferson City,208.9,128.3,0,0,0,11.9,22,0
2021-05-28,27620,Jefferson City,208.3,116,0,0,0,10.8,22,0
2021-06-04,27620,Jefferson City,208.7,130.5,0,0,0,13.3,22,0
2021-06-11,27620,Jefferson City,208,141,5.4,25.961538461538463,0,13.5,22,0
2021-06-18,27620,Jefferson City,208.6,155.8,11.8,56.56759348034517,0,15,22,0
2021-06-25,27620,Jefferson City,210.2,150.5,16.5,78.49666983824929,0,17,22,0
2021-07-02,27620,Jefferson City,211.6,147.3,20.8,98.29867674858224,0,16.7,22,0
2021-07-09,27620,Jefferson City,223,158,29,130.04484304932734,0,19.299999999999997,22,9.3
2021-07-16,27620,Jefferson City,234.1,154.39999999999998,44.1,188.38103374626232,0,20.1,22.7,15
2021-07-23,27620,Jefferson City,237.4,180.3,61,256.95029486099406,0,22.3,24.3,18.9
2021-07-30,27620,Jefferson City,235,174.70000000000002,52.3,222.5531914893617,0,20.4,22.9,16.8
2021-08-06,27620,Jefferson City,238.5,180.29999999999998,57,238.9937106918239,0,22.1,24,15.5
2021-08-13,27620,Jefferson City,247.3,177.6,61.2,247.47270521633644,0,21.200000000000003,23.9,16
2021-08-20,27620,Jefferson City,251.7,170.9,59,234.40603893524036,0,18.700000000000003,26.1,13.4
2021-08-27,27620,Jefferson City,235.8,147.6,34.2,145.03816793893128,0,17.9,26,7.3
2021-09-03,27620,Jefferson City,242.2,156.3,30.6,126.34186622625931,0,13.5,26,0
2021-09-10,27620,Jefferson City,242.3,156,25.9,106.89228229467601,0,15.4,22.3,0
2021-09-17,27620,Jefferson City,239.3,151.4,17.7,73.9657333890514,0,16.9,22,0
2021-09-24,27620,Jefferson City,241.4,145.8,18.8,77.87903893951948,0,17,22,5
2021-10-01,27620,Jefferson City,209.3,141.7,15.100000000000001,72.14524605828953,0,13,22,0
2021-10-08,27620,Jefferson City,209.7,158.6,4.7,22.41297091082499,0,14.3,21.3,0
2020-07-31,27900,Joplin,506,190.5,35.099999999999994,69.36758893280631,0,20.4,41,14.299999999999999
2020-08-07,27900,Joplin,506,185.2,37.4,73.91304347826087,0,20.1,41,12.2
2020-08-14,27900,Joplin,506,196.6,44,86.95652173913044,0,22.1,41,17.1
2020-08-21,27900,Joplin,506,203.20000000000002,47.099999999999994,93.08300395256916,0,25.3,41,17.6
2020-08-28,27900,Joplin,506,205.6,50.1,99.01185770750988,0,23.1,41,16.6
2020-09-04,27900,Joplin,506,195,52.4,103.55731225296442,0,20.7,41,17
2020-09-11,27900,Joplin,506,214.70000000000002,63.7,125.8893280632411,0,23.7,41,21.6
2020-09-18,27900,Joplin,896,469.8,66.4,74.10714285714286,0,57.9,81,20.5
2020-09-25,27900,Joplin,896,502.2,64.3,71.76339285714285,0,64.2,81,20.6
2020-10-02,27900,Joplin,881.2,523.7,67.4,76.48660916931458,0,61.6,81,19.7
2020-10-09,27900,Joplin,844,527.2,93.8,111.13744075829383,0,63.3,81,30
2020-10-16,27900,Joplin,874.3,545.1,103.30000000000001,118.15166418849367,7.6,71,81,34
2020-10-23,27900,Joplin,867.7,549.3,94.3,108.67811455572202,0,61.5,81,28.299999999999997
2020-10-30,27900,Joplin,867.5,561.5,106,122.19020172910663,0,67.9,81,37.5
2020-11-06,27900,Joplin,863,575,112.9,130.8227114716107,0,72.5,81,36.3
2020-11-13,27900,Joplin,843.1,524.2,131.9,156.44644763373267,0,73.8,81,39.7
2020-11-20,27900,Joplin,614.8000000000001,498.5,115.9,188.51659076122314,0,67.5,78.7,34
2020-11-27,27900,Joplin,591.8000000000001,493.8,124.7,210.7130787428185,0,70.1,74.5,33.099999999999994
2020-12-04,27900,Joplin,623.9,505.6,132.2,211.8929315595448,0,70.1,75.30000000000001,28.1
2020-12-11,27900,Joplin,639.8000000000001,514,115.7,180.83776180056265,0,69.1,80.7,27.2
2020-12-18,27900,Joplin,625.7,502.49999999999994,131,209.36551062809653,0,69.6,81,32.6
2020-12-25,27900,Joplin,626.1,492.09999999999997,131.3,209.7109088005111,0,71.2,83.3,39.2
2021-01-01,27900,Joplin,609.4,520,135.4,222.18575648178538,0,71.3,81.6,37
2021-01-08,27900,Joplin,680.1,596.6,143,210.26319658873695,0,72.1,81,35.7
2021-01-15,27900,Joplin,668.3,537.6,118.5,177.31557683674998,0,72.1,81,33.7
2021-01-22,27900,Joplin,671.5,532.6999999999999,103.9,154.7282204020849,0,63.800000000000004,81,23
2021-01-29,27900,Joplin,667.8000000000001,528,78.3,117.25067385444743,0,66.2,81,19.6
2021-02-05,27900,Joplin,666.9,526.4,64.5,96.71614934772829,0,59.6,81,18.3
2021-02-12,27900,Joplin,660.8000000000001,499.4,60.2,91.10169491525423,0,62.1,81,19.7
2021-02-19,27900,Joplin,657.5,519.2,54.9,83.49809885931559,0,60.1,81,15.899999999999999
2021-02-26,27900,Joplin,662,529.4,48.1,72.65861027190333,0,69,81.3,5.3
2021-03-05,27900,Joplin,652.1999999999999,518.1,41.300000000000004,63.32413370131863,0,66.4,80.7,0
2021-03-12,27900,Joplin,654,514.9,29.3,44.801223241590215,0,64.7,81,7.4
2021-03-19,27900,Joplin,648.5,526,26.9,41.480339244410175,0,60.6,81,4
2021-03-26,27900,Joplin,663.3000000000001,520.6,27.3,41.157847127996384,0,60.9,81,0
2021-04-02,27900,Joplin,670.5,502.90000000000003,29.5,43.997017151379566,0,57,81,0
2021-04-09,27900,Joplin,669.6,523.2,29.799999999999997,44.50418160095579,0,62.6,81,5.6
2021-04-16,27900,Joplin,671.4,513.3000000000001,25.7,38.278224605302356,0,69.9,81,0
2021-04-23,27900,Joplin,669,547.3,22.3,33.333333333333336,0,67,81,0
2021-04-30,27900,Joplin,668.4,537.6999999999999,19.8,29.6229802513465,0,63.4,81,0
2021-05-07,27900,Joplin,598.3,485.70000000000005,28,46.799264582985124,0,62.6,79.6,0
2021-05-14,27900,Joplin,601.8,509.00000000000006,29.9,49.68428049185776,0,63.6,81,0
2021-05-21,27900,Joplin,605.8,520.8,33.6,55.46384945526577,0,63.9,80.1,4.9
2021-05-28,27900,Joplin,604.8,523.7,40.3,66.63359788359787,0,67,81,8.1
2021-06-04,27900,Joplin,606.5,519.5,56.5,93.15746084089035,0,66.4,81,11.100000000000001
2021-06-11,27900,Joplin,601.6999999999999,524.8,73,121.32291839787271,0,66,81,16.4
2021-06-18,27900,Joplin,602.5,538.5,94.60000000000001,157.0124481327801,0,66.7,81,18.4
2021-06-25,27900,Joplin,600.5,531.1,96.3,160.36636136552872,0,68.1,79.9,22.299999999999997
2021-07-02,27900,Joplin,596.3,507.7,114.4,191.84974006372636,0,70.9,80.4,32.400000000000006
2021-07-09,27900,Joplin,608.7,528.7,131.1,215.3770330211927,0,72.2,81,31.6
2021-07-16,27900,Joplin,604.9,523.4,129.5,214.08497272276412,4.1,73.4,81,35.6
2021-07-23,27900,Joplin,588.9,485.1,148.2,251.65562913907286,0,75.5,81,38
2021-07-30,27900,Joplin,592.8000000000001,496.1,143.9,242.74628879892035,0,77,81,45.3
2021-08-06,27900,Joplin,594.3,488.6,146,245.6671714622245,4,71.1,80.7,48.900000000000006
2021-08-13,27900,Joplin,594.5,475.9,130.5,219.5121951219512,0,71.1,80.4,47
2021-08-20,27900,Joplin,603.3,530.1,142.3,235.86938504889775,0,72.4,81,42.699999999999996
2021-08-27,27900,Joplin,604.3,534.9,130.20000000000002,215.45589938772136,0,73.5,81,39.7
2021-09-03,27900,Joplin,579.3,501.09999999999997,105.7,182.46159157604006,0,72.6,81,30
2021-09-10,27900,Joplin,544.6,492.59999999999997,103.1,189.31325743665073,0,70.5,81,27.4
2021-09-17,27900,Joplin,547.7,487,78.3,142.9614752601789,0,55.9,81,28
2021-09-24,27900,Joplin,544.4000000000001,490.3,74.2,136.2968405584129,0,61.5,81,24.3
2021-10-01,27900,Joplin,534.1,472.2,61.9,115.89589964426136,0,58.7,81,15.6
2021-10-08,27900,Joplin,535,474.6,47.6,88.97196261682242,0,58.7,81,12.7
2020-07-31,28140,Kansas City,5106.5,3747.7,306.7,60.06070694213257,0,397.2,574.2,67
2020-08-07,28140,Kansas City,4909.5,3417.4,282.09999999999997,57.460026479274866,4.7,401.40000000000003,566.5,60.5
2020-08-14,28140,Kansas City,5140.9,3449.8,282,54.85420840708825,5.1,413.2,584.1,55
2020-08-21,28140,Kansas City,5083.2,3426.2,241.9,47.58813345923828,4.7,402.1,573.3,50.9
2020-08-28,28140,Kansas City,5055.6,3476.1,243.8,48.22375187910436,5.6,414.3,573.6,52.7
2020-09-04,28140,Kansas City,4903.8,3400,269.5,54.957379991027366,5.6,403.6,573.9,65
2020-09-11,28140,Kansas City,4900.9,3514.9,261.4,53.337142157562894,0,402.59999999999997,573.9,50.9
2020-09-18,28140,Kansas City,5050.7,3590.5,271.5,53.75492505989269,5.1,416.5,580.1,69.6
2020-09-25,28140,Kansas City,5072.7,3641,313.6,61.821120902083706,7.6,414.3,589.2,71.9
2020-10-02,28140,Kansas City,5488.6,3934.6,342.3,62.36563057974711,4.7,446.9,617.3,73.9
2020-10-09,28140,Kansas City,5503.8,4017.9,381.2,69.26123769032306,8.4,467.8,615.3,85.6
2020-10-16,28140,Kansas City,5502.2,3932.7,381.4,69.31772745447276,0,460.2,619.8,90.3
2020-10-23,28140,Kansas City,5417.1,3758.5,428.3,79.06444407524322,4.9,447.3,621.7,90.7
2020-10-30,28140,Kansas City,4969.6,3557.4,495.7,99.74645846748228,5.4,481.3,607.7,114.8
2020-11-06,28140,Kansas City,4747.5,3667.7,645.6,135.9873617693523,7.1,488.5,593.4,136.4
2020-11-13,28140,Kansas City,4725.5,3642.9,759.5,160.72373293831342,8.7,493.9,610.2,173.20000000000002
2020-11-20,28140,Kansas City,4741.5,3541.1,762.4,160.79299799641464,10,489.4,610.2,188.4
2020-11-27,28140,Kansas City,4720.5,3506.6,788.7,167.07975850015887,13.6,501.9,620.3,196.70000000000002
2020-12-04,28140,Kansas City,4784.2,3713.8,884.1,184.79578612934245,9.4,523.6,621,196.20000000000002
2020-12-11,28140,Kansas City,4817.1,3791.7000000000003,894.9,185.7756741608021,9.4,507.5,614.1,186.4
2020-12-18,28140,Kansas City,4777.3,3647.6,890.4,186.38142884055847,6.7,487.7,610.1,192.1
2020-12-25,28140,Kansas City,4716.1,3408.8,852.3000000000001,180.72135874981447,7.9,467.4,609.4,180.9
2021-01-01,28140,Kansas City,4769.6,3681.6,875.9,183.6422341496142,10.3,496,615.4,176
2021-01-08,28140,Kansas City,4798.7,3766,818.7,170.60870652468378,11.7,497,619.2,167.8
2021-01-15,28140,Kansas City,4816.6,3642.4,716.8,148.81866877050197,13,486.8,611.3,164.2
2021-01-22,28140,Kansas City,4805.3,3580.7,605.5,126.00670093438495,12.4,474.8,603.8,139.1
2021-01-29,28140,Kansas City,4804.6,3547.5,529.5,110.20688506847604,10.1,465.4,606.9,110
2021-02-05,28140,Kansas City,4762.5,3391.5,440,92.38845144356955,11.1,434.3,595.7,79.3
2021-02-12,28140,Kansas City,4746.7,3371.4,393,82.79436239914045,6.6,419.8,590.3,81.5
2021-02-19,28140,Kansas City,4806.6,3561.6,326.3,67.88582365913535,8.1,457.09999999999997,602.8,52.9
2021-02-26,28140,Kansas City,4847.9,3603.7999999999997,269.5,55.59108067410632,5.6,447.9,602.1,50.2
2021-03-05,28140,Kansas City,4825.7,3463.5,210.1,43.53772509687714,6.9,427.59999999999997,599.4,35.4
2021-03-12,28140,Kansas City,4824.3,3420.2000000000003,186,38.55481624277097,6.9,404.2,596.9,29
2021-03-19,28140,Kansas City,4834.1,3421.6,162.29999999999998,33.57398481620156,7.3,395.1,590.2,34.4
2021-03-26,28140,Kansas City,4818.1,3476.6,143.3,29.74201448703846,4.3,382.2,584.5,28.799999999999997
2021-04-02,28140,Kansas City,4807.3,3443.4,168.5,35.05086015018826,0,401.5,586,36.3
2021-04-09,28140,Kansas City,4807,3578.4,169.9,35.344289577699186,0,422.7,590.3,26.9
2021-04-16,28140,Kansas City,4820.8,3528.6,179.3,37.192997012943906,0,428.5,594.2,38.1
2021-04-23,28140,Kansas City,4837.1,3564.1,188.8,39.03165119596452,5.4,422.2,606,46.8
2021-04-30,28140,Kansas City,4835.4,3633.5,224.3,46.387062083798654,6.3,438.3,599.7,52.5
2021-05-07,28140,Kansas City,4832,3551.2000000000003,223.6,46.27483443708609,0,419.7,598.2,42.9
2021-05-14,28140,Kansas City,4838,3562.2,179.9,37.18478710210831,5.9,416.4,601.4,37.6
2021-05-21,28140,Kansas City,4836.8,3647.7000000000003,154.4,31.921931855772414,0,433.59999999999997,594.8,31.4
2021-05-28,28140,Kansas City,4829,3533.2999999999997,146,30.234002899150962,0,415.2,588.6,25.3
2021-06-04,28140,Kansas City,4837,3621.6,132.6,27.413686169113085,0,430.9,596,27.9
2021-06-11,28140,Kansas City,4826.1,3608.3,146.7,30.39721514266177,0,432,590.5,39.2
2021-06-18,28140,Kansas City,4849.3,3706.2,169.6,34.974119976079024,0,430.40000000000003,596.6,34.9
2021-06-25,28140,Kansas City,4862,3697.5,180,37.02180172768408,0,449,600.4,26.4
2021-07-02,28140,Kansas City,4877,3607.1,215.9,44.269017838835346,4.3,451.3,604,39.5
2021-07-09,28140,Kansas City,4871.7,3832.4,296.8,60.92329166410084,5.6,465.8,605.3,57.3
2021-07-16,28140,Kansas City,4873,3804.9,393.2,80.68951364662426,6.9,478.3,607.9,84.4
2021-07-23,28140,Kansas City,4886.7,3819.1,486.4,99.53547383714981,5.4,485.7,612,131.79999999999998
2021-07-30,28140,Kansas City,4923.3,3805.8,606.3,123.14910730607517,9.4,491.3,617.8,150.8
2021-08-06,28140,Kansas City,4936.4,3821.4,686.1,138.98792642411476,14.9,497,615.7,168.1
2021-08-13,28140,Kansas City,4915,3866.1,779.7,158.63682604272637,15.6,505.5,623.6,188.6
2021-08-20,28140,Kansas City,4914.9,3870.3,793.4,161.42749598160697,11.4,518.9,625.9,206
2021-08-27,28140,Kansas City,4887.3,3812,778.1,159.20856096413152,10.6,527,627.2,201.6
2021-09-03,28140,Kansas City,4767.3,3764.2999999999997,689.4,144.61015669246743,9.1,507.2,590,179.9
2021-09-10,28140,Kansas City,4776.9,3847.8,604.4,126.52557097699346,13.7,490.09999999999997,574.7,153.5
2021-09-17,28140,Kansas City,4786.3,3782.6,537,112.19522386812359,18.4,477.5,578.3,139.3
2021-09-24,28140,Kansas City,4777.7,3765.6,460,96.2806371266509,12.7,453.4,568.2,114.5
2021-10-01,28140,Kansas City,4791.1,3784.9,409,85.36661726952056,12.7,441.3,557.8,99.7
2021-10-08,28140,Kansas City,4767.8,3740.7,359.7,75.44360082218213,8.4,438.4,564,84.3
2020-07-31,44180,Springfield,1966,946.1999999999999,60.3,30.67141403865717,0,222,405,31.900000000000002
2020-08-07,44180,Springfield,1966,942.6999999999999,60.599999999999994,30.824008138351978,0,217.5,405,30.8
2020-08-14,44180,Springfield,1966,969.2,76.3,38.809766022380465,0,227.8,405,37.7
2020-08-21,44180,Springfield,1966,970.1,80.30000000000001,40.84435401831129,0,229.5,405,41.6
2020-08-28,44180,Springfield,1966,974.1,77.4,39.36927772126145,0,232.79999999999998,405,34.9
2020-09-04,44180,Springfield,1966,999.1999999999999,87.9,44.71007121057986,0,248.70000000000002,405,40.3
2020-09-11,44180,Springfield,2048,1020.9,96.9,47.314453125,0,271.2,405,47.3
2020-09-18,44180,Springfield,2048,1046.1000000000001,119.4,58.30078125,0,271.2,405.6,63.1
2020-09-25,44180,Springfield,2048,1042.3,142.1,69.384765625,0,272.2,406.4,78.1
2020-10-02,44180,Springfield,2048,995.3,130.70000000000002,63.81835937500001,0,257.9,405,78.6
2020-10-09,44180,Springfield,2048,1029.5,162.5,79.345703125,0,283.8,405,89.5
2020-10-16,44180,Springfield,2057.7999999999997,1037.9,181,87.95801341238217,0,284.7,405,94.1
2020-10-23,44180,Springfield,2070,1024.4,168.9,81.59420289855072,0,246.7,405,85.1
2020-10-30,44180,Springfield,2025.9,1009.8000000000001,197.7,97.58625795942542,0,256.7,380,103
2020-11-06,44180,Springfield,1961.5,990.3000000000001,203.39999999999998,103.69615090491969,0,192.1,278,80.10000000000001
2020-11-13,44180,Springfield,1959.1,1002,231.70000000000002,118.26859272114748,0,197.39999999999998,278,89.8
2020-11-20,44180,Springfield,1223,980.6999999999999,239.60000000000002,195.91169255928048,0,203.6,239,105
2020-11-27,44180,Springfield,1215.8,963.8,251.7,207.02418160881726,0,196.4,223.4,106.19999999999999
2020-12-04,44180,Springfield,1199,1035.1,227.20000000000002,189.4912427022519,0,194.5,206.2,94.9
2020-12-11,44180,Springfield,1314.6999999999998,1009.4,203.1,154.4839126796988,0,194.9,240.4,86.1
2020-12-18,44180,Springfield,1315,1035.5,218.4,166.08365019011407,0,186.39999999999998,231,93
2020-12-25,44180,Springfield,1296.6999999999998,1002.7,233.29999999999998,179.9182540294594,0,192.3,233.4,99.2
2021-01-01,44180,Springfield,1330.9,1075.3000000000002,266.2,200.0150274250507,0,206.4,241.4,108.3
2021-01-08,44180,Springfield,1312,1079.9,240,182.9268292682927,0,205.9,242.4,92.6
2021-01-15,44180,Springfield,1298,1065.8,201.9,155.54699537750386,0,207.9,248.4,78.5
2021-01-22,44180,Springfield,1281.6,1055.5,175.7,137.09425717852682,4.7,205,245.9,67.3
2021-01-29,44180,Springfield,1257.1,1031.7,150.6,119.7995386206348,4.4,189.4,236.3,62.3
2021-02-05,44180,Springfield,1258.3,1021.5,129,102.51927203369627,0,181.2,231.1,49.599999999999994
2021-02-12,44180,Springfield,1258.1,1001.9,105.5,83.8566091725618,0,184.4,227.3,36.7
2021-02-19,44180,Springfield,1287.8,1051.4,100.2,77.8071129057307,0,197.1,225.6,30.799999999999997
2021-02-26,44180,Springfield,1309.7,1073.9,78.8,60.166450332137124,0,193.4,225.4,30.5
2021-03-05,44180,Springfield,1313,978.1,62.6,47.67707539984767,0,174,222.7,24.5
2021-03-12,44180,Springfield,1323.6999999999998,1032.3,75.3,56.88600135982474,0,190.4,225.7,25.5
2021-03-19,44180,Springfield,1327,1033.9,68.9,51.9216277317257,0,188.8,224.1,25.4
2021-03-26,44180,Springfield,1327.9,1060.4,65.5,49.326003464116276,0,186.9,222,18.5
2021-04-02,44180,Springfield,1293.6,1016.8000000000001,51.699999999999996,39.965986394557824,0,181,219.7,13.7
2021-04-09,44180,Springfield,1286.8,1019.4,57.800000000000004,44.91762511656824,0,195,226.7,17.7
2021-04-16,44180,Springfield,1267.5,1001.4000000000001,57.199999999999996,45.128205128205124,0,191.89999999999998,227.1,15.7
2021-04-23,44180,Springfield,1303,1049.5,63,48.349961627014586,0,201.79999999999998,232.4,22.2
2021-04-30,44180,Springfield,1301.2,1053.7,56.400000000000006,43.34460498001845,0,190.3,225.9,16
2021-05-07,44180,Springfield,1299.7,1037.6999999999998,53.7,41.31722705239671,0,188.3,226.89999999999998,13.8
2021-05-14,44180,Springfield,1303.5,1024.6000000000001,49.2,37.7445339470656,0,177.9,228.2,13
2021-05-21,44180,Springfield,1301.6,1067.7,55.5,42.639827904118015,0,195.29999999999998,229,20.1
2021-05-28,44180,Springfield,1279.8,1034.5,76.5,59.774964838255976,0,200.20000000000002,232.9,26
2021-06-04,44180,Springfield,1298.1999999999998,1105.4,100.6,77.4919118779849,0,204.8,227.9,32.1
2021-06-11,44180,Springfield,1280,1094.8,120.10000000000001,93.82812500000001,0,213.3,237.7,44.3
2021-06-18,44180,Springfield,1268.9,1095.1,169.4,133.50145795570967,0,224.2,244.7,79
2021-06-25,44180,Springfield,1154.3,1062,194.70000000000002,168.67365502902192,0,229.5,238.2,98.3
2021-07-02,44180,Springfield,1181,1060.9,213.4,180.69432684165963,0,223.5,233.60000000000002,112.80000000000001
2021-07-09,44180,Springfield,1279.6,1085,248,193.81056580181308,0,232.60000000000002,264.3,146
2021-07-16,44180,Springfield,1303,1121.3,278.1,213.43054489639297,0,253.29999999999998,276.4,155.9
2021-07-23,44180,Springfield,1310.3,1151.4,290.09999999999997,221.39967946271844,4.1,254.39999999999998,276.9,153.39999999999998
2021-07-30,44180,Springfield,1315.2,1134.2,296.5,225.44099756690997,4.1,248.9,274.5,160.7
2021-08-06,44180,Springfield,1324.2,1122.9,279,210.69324875396464,5,246.5,278.5,153.7
2021-08-13,44180,Springfield,1327.4,1130.6,269.3,202.87780623775802,5,246.6,274.1,143.8
2021-08-20,44180,Springfield,1311,1092.7,242.29999999999998,184.82074752097634,4.3,244.5,269.9,133
2021-08-27,44180,Springfield,1314,1089.4,202.6,154.18569254185692,0,225.9,267.3,110.8
2021-09-03,44180,Springfield,1311.9,1045.8,188.9,143.98963335620093,4,215.70000000000002,258.4,85
2021-09-10,44180,Springfield,1371.8000000000002,1094.8,170.3,124.14346114593963,0,224,262.3,76.7
2021-09-17,44180,Springfield,1366.7,1092.8999999999999,144.9,106.02180434623546,0,221.5,254.9,69.9
2021-09-24,44180,Springfield,1353,1061,119.80000000000001,88.5439763488544,0,207.2,247.6,54
2021-10-01,44180,Springfield,1299.3,1036.2,111.69999999999999,85.96936812129607,0,199.9,243.9,49.3
2021-10-08,44180,Springfield,1304.1,1043.6,113.19999999999999,86.80315926692738,0,185.79999999999998,234.4,41.5
2020-07-31,41140,St. Joseph,300,246.6,11.7,39,0,17.3,21,0
2020-08-07,41140,St. Joseph,300,256.6,11,36.666666666666664,0,17.3,21,0
2020-08-14,41140,St. Joseph,300,243.6,15.9,53,0,14.4,21,4.1
2020-08-21,41140,St. Joseph,300,230.20000000000002,18.6,62.00000000000001,0,14.3,21,0
2020-08-28,41140,St. Joseph,300,246.2,20.9,69.66666666666667,0,18,21,5.1
2020-09-04,41140,St. Joseph,283.4,231,19.7,69.51305575158787,0,15.7,21,0
2020-09-11,41140,St. Joseph,262,253.4,27,103.05343511450383,0,17.9,21,5
2020-09-18,41140,St. Joseph,248.5,242.4,30.3,121.93158953722335,0,17.3,21,5.1
2020-09-25,41140,St. Joseph,249.4,245.3,47.7,191.25902165196473,0,17.6,21,6.1
2020-10-02,41140,St. Joseph,258.1,254.20000000000002,58.3,225.88144130182098,0,14.4,21,6.3
2020-10-09,41140,St. Joseph,266.4,264.7,60.9,228.60360360360363,0,19.6,21,5.9
2020-10-16,41140,St. Joseph,263.6,258.2,57.6,218.51289833080423,0,17.3,21,8.9
2020-10-23,41140,St. Joseph,255.6,249.29999999999998,58.6,229.26447574334898,0,16.6,21,5.7
2020-10-30,41140,St. Joseph,256.6,250.2,58.9,229.5401402961808,0,17.6,21,7
2020-11-06,41140,St. Joseph,287,282.7,73.6,256.44599303135885,0,16.6,21,5.7
2020-11-13,41140,St. Joseph,274.9,271.6,76.1,276.82793743179343,0,17.9,21,10.9
2020-11-20,41140,St. Joseph,296.9,295.9,86.1,289.99663186258,0,17.3,21,7.9
2020-11-27,41140,St. Joseph,273,272,75.7,277.2893772893773,0,16.4,21,5.6
2020-12-04,41140,St. Joseph,284.8,284.20000000000005,70.4,247.19101123595507,0,18.4,21,6.6
2020-12-11,41140,St. Joseph,284,281.5,73.10000000000001,257.39436619718316,0,17.7,21,6.6
2020-12-18,41140,St. Joseph,267,265.3,68.6,256.92883895131087,0,15,21,5.4
2020-12-25,41140,St. Joseph,261.9,257.9,68.7,262.3138602520046,0,17.7,21,5.6
2021-01-01,41140,St. Joseph,285.3,283.70000000000005,85.8,300.7360672975814,0,17.9,21,6.9
2021-01-08,41140,St. Joseph,279,275.6,73.3,262.72401433691755,0,18,21,8.3
2021-01-15,41140,St. Joseph,280.9,277.8,60.7,216.09113563545748,0,15.4,21,5.3
2021-01-22,41140,St. Joseph,260.3,258.2,42.800000000000004,164.42566269688822,0,15,21,5.6
2021-01-29,41140,St. Joseph,263.3,261.4,42.3,160.6532472464869,0,16.3,21,0
2021-02-05,41140,St. Joseph,249.1,246,36.3,145.72460859092735,0,16.3,21,0
2021-02-12,41140,St. Joseph,261.6,258.3,23,87.92048929663608,0,18.6,21,0
2021-02-19,41140,St. Joseph,256.6,252.79999999999998,17,66.25097427903351,0,14,21,0
2021-02-26,41140,St. Joseph,270.2,267.5,14.6,54.0340488527017,0,16.3,21,0
2021-03-05,41140,St. Joseph,261.9,259,7.3,27.87323405880107,0,13.6,21,0
2021-03-12,41140,St. Joseph,244,241,9.6,39.34426229508196,0,15.1,21,0
2021-03-19,41140,St. Joseph,241.3,235.1,5.1,21.135515955242433,0,13.1,21,0
2021-03-26,41140,St. Joseph,248.5,245.70000000000002,4.4,17.706237424547286,0,17.3,21,0
2021-04-02,41140,St. Joseph,250.8,249.3,4.7,18.740031897926634,0,14.7,21,0
2021-04-09,41140,St. Joseph,244.7,241.3,0,0,0,14.1,21,0
2021-04-16,41140,St. Joseph,244.9,236.29999999999998,0,0,0,16,21,0
2021-04-23,41140,St. Joseph,257.1,256.1,7,27.22676001555815,0,17.6,21,0
2021-04-30,41140,St. Joseph,254,251.4,10.3,40.55118110236221,0,18.4,21,0
2021-05-07,41140,St. Joseph,245.7,243.6,8,32.56003256003257,0,13.7,21,0
2021-05-14,41140,St. Joseph,253.1,248,4.4,17.38443303042276,0,16.9,21,0
2021-05-21,41140,St. Joseph,249.3,245.4,4.4,17.64941837144003,0,11.7,21,0
2021-05-28,41140,St. Joseph,239.7,228.1,4.6,19.190654985398414,0,13.6,21,0
2021-06-04,41140,St. Joseph,250,240.6,7,28,0,17.3,21,0
2021-06-11,41140,St. Joseph,252,241.6,10.4,41.26984126984127,0,14.9,21,0
2021-06-18,41140,St. Joseph,258.7,252.5,13.4,51.797448782373415,0,12.9,21,0
2021-06-25,41140,St. Joseph,276.1,270.7,24.1,87.2872147772546,0,18,21,4.6
2021-07-02,41140,St. Joseph,255.4,250.3,30,117.46280344557557,0,19,21,6.9
2021-07-09,41140,St. Joseph,274.4,270.4,48.9,178.20699708454814,0,17.4,21,7.6
2021-07-16,41140,St. Joseph,253.3,250.3,54,213.18594551914725,0,16.7,21,7.1
2021-07-23,41140,St. Joseph,277.4,273,54.9,197.9091564527758,0,18.4,21,4.4
2021-07-30,41140,St. Joseph,270.9,268.6,49.9,184.20081210778886,0,17.9,21,6.7
2021-08-06,41140,St. Joseph,272.6,271.7,55.7,204.32868672046956,0,17.6,21,7.9
2021-08-13,41140,St. Joseph,265.09999999999997,263.8,47.9,180.68653338362884,0,14.7,21,5.4
2021-08-20,41140,St. Joseph,270.8,268.2,51.4,189.80797636632198,0,18.3,21,7.1
2021-08-27,41140,St. Joseph,242.9,241.6,33.3,137.0934540963359,0,17.3,21,8.3
2021-09-03,41140,St. Joseph,250.7,246,36.1,143.99680893498206,0,17,21,6.1
2021-09-10,41140,St. Joseph,268.3,268,36.6,136.41446142377936,0,15.7,21,5.3
2021-09-17,41140,St. Joseph,244.1,236.7,30.9,126.58746415403525,0,13,21,0
2021-09-24,41140,St. Joseph,245.3,242.4,30.1,122.70688952303301,0,0,21,4.1
2021-10-01,41140,St. Joseph,241.1,235.8,22.7,94.1518042306097,0,0,21,4.4
2021-10-08,41140,St. Joseph,240.4,235.7,20,83.19467554076539,0,0,21,5.4
2020-07-31,41180,St. Louis,3580.1,1885.2,475.2,132.73372252171728,9.9,350.1,731.9,106.10000000000001
2020-08-07,41180,St. Louis,3586.3,1920.7,463.3,129.18606920781863,8.4,354.1,748,117.6
2020-08-14,41180,St. Louis,3626.9,1956.3000000000002,428.5,118.14497229038572,9.6,339.8,756.9,111.19999999999999
2020-08-21,41180,St. Louis,3619.3,1941,442.5,122.26121073135688,6.9,711,1072.2,99.3
2020-08-28,41180,St. Louis,3919.2,2215.3,451.9,115.30414370279648,6.9,716.9,1083.2,115.8
2020-09-04,41180,St. Louis,6886.6,4039.5,419,60.84279615485145,11.1,714.7,1097.7,117.2
2020-09-11,41180,St. Louis,6883.4,4161.8,415.7,60.391666908795074,8.9,734.5,1099.2,123.1
2020-09-18,41180,St. Louis,6939.1,4129,418.5,60.310414895303424,8,706.9,1102.8,118.1
2020-09-25,41180,St. Louis,7730.6,4902.7,425.4,55.028070266214776,11.6,741.7,1092.6,143.1
2020-10-02,41180,St. Louis,7616.8,4760.9,423,55.53513286419494,11,724.8000000000001,1055.4,142
2020-10-09,41180,St. Louis,7675.5,4932,450.8,58.732330141358865,6.4,739.8,1057,131.5
2020-10-16,41180,St. Louis,7904.2,4882.9,499.40000000000003,63.18159965587916,6.9,733.2,1057.1,151.7
2020-10-23,41180,St. Louis,7491.6,4696.8,521.8,69.65134283731112,7.7,727,1047.2,158.3
2020-10-30,41180,St. Louis,7548,4841.8,620.3,82.18071012188659,10.4,745.1,1055.8,170.5
2020-11-06,41180,St. Louis,7462.9,5098.4,884,118.45261225528951,13.7,711.4,971.9,197.4
2020-11-13,41180,St. Louis,7404.6,4952.5,1092.4,147.52991383734434,17.4,726.8000000000001,983.4,242.2
2020-11-20,41180,St. Louis,6217.3,4877.4,1178.9,189.61607128496294,17.9,733.9,854,244.29999999999998
2020-11-27,41180,St. Louis,6150.2,4715.5,1167.1,189.76618646548079,15.6,728.5,863,261.9
2020-12-04,41180,St. Louis,6242.7,4922.7,1136.7,182.08467490028355,19.4,747.1,872.3000000000001,267.4
2020-12-11,41180,St. Louis,6501.4,4976.5,1202.7,184.9909250315317,27.6,746,876.6,280.6
2020-12-18,41180,St. Louis,6620.9,4950,1295.5,195.66826262290627,26.799999999999997,749.8,883.3,312.6
2020-12-25,41180,St. Louis,6588.1,4685.6,1262.2,191.587862965043,19.5,732.7,874.7,294.2
2021-01-01,41180,St. Louis,6615.4000000000005,4958.5999999999995,1249.6,188.8925839707349,12.4,721.6999999999999,880.5,274
2021-01-08,41180,St. Louis,6476,5106.8,1196.5,184.75911056207536,28.1,745.2,877.3,266.9
2021-01-15,41180,St. Louis,6378.8,5075.5,1135,177.93315357120463,42.199999999999996,734.1,849.5,247.1
2021-01-22,41180,St. Louis,6350.5,4965.5999999999995,997,156.9955121643965,29.3,719.7,836.7,204
2021-01-29,41180,St. Louis,6336,4876.6,859.6,135.66919191919192,31.2,686.1999999999999,819.4,183.2
2021-02-05,41180,St. Louis,6296.2,4887.3,769.9,122.28010546043646,31.2,678.2,817.5,166.6
2021-02-12,41180,St. Louis,6220.9,4721.8,669.3,107.5889340770628,19.3,676.5,798,159.2
2021-02-19,41180,St. Louis,6315,4860.5,627.7,99.39825811559778,21.700000000000003,680.6,815,130
2021-02-26,41180,St. Louis,6317.7,4955.2,543.5,86.02814315336278,22.2,671.6,794.6999999999999,114.89999999999999
2021-03-05,41180,St. Louis,6299,4870.3,504.3,80.06032703603746,19,654.5,795.8,112.7
2021-03-12,41180,St. Louis,6280.3,4824,487.1,77.55998917249177,18.6,645.9,795.6,97.60000000000001
2021-03-19,41180,St. Louis,6151.6,4760.8,478.3,77.75212952727745,14.4,633.1,787.2,94.7
2021-03-26,41180,St. Louis,6095.3,4734.3,456.6,74.91017669351795,17.799999999999997,651.6,772.7,92.7
2021-04-02,41180,St. Louis,6074.1,4722.9,442,72.76798208788132,19.5,633.7,770.6,79
2021-04-09,41180,St. Louis,6188.3,4926.4,448.7,72.50779697170466,17.4,656.6,793.5,91.60000000000001
2021-04-16,41180,St. Louis,6193.6,4869,431.5,69.66869026091449,18.4,638.7,795.7,88.4
2021-04-23,41180,St. Louis,6196.5,4925.2,423.4,68.32889534414588,21.4,638.8,789,98.9
2021-04-30,41180,St. Louis,6203.4000000000005,4895.3,407.9,65.75426379082437,14.9,640.1999999999999,791,85
2021-05-07,41180,St. Louis,6193.7,4845.9,405.4,65.45360608360109,18.9,631.9,787,104.1
2021-05-14,41180,St. Louis,6182.9000000000005,4864.2,336.5,54.42429927703828,15.3,646.9,783.7,87.8
2021-05-21,41180,St. Louis,6221.2,4991.6,299.5,48.14183758760368,12.4,645.4,788.7,80.2
2021-05-28,41180,St. Louis,6162.4,4760.4,285.1,46.264442425029216,17.6,644.1,786.2,74
2021-06-04,41180,St. Louis,6196.4,4936.6,241.2,38.925827900071006,13,641.5,793.1,57
2021-06-11,41180,St. Louis,6178.4000000000005,4850.8,247.7,40.09128576977858,15.4,633.8,818.5,54.1
2021-06-18,41180,St. Louis,6166.9,4897.6,225.8,36.61483079018632,15.1,631.7,792.1,51.6
2021-06-25,41180,St. Louis,6173.6,4877.2,252.29999999999998,40.867565115977705,9.6,634.4,781.5,44.6
2021-07-02,41180,St. Louis,6149.8,4761.2,295.9,48.11538586620703,21.2,637,783.2,55.800000000000004
2021-07-09,41180,St. Louis,6229.5,5044.6,385.3,61.850870856409024,26.8,675,804.9,79.4
2021-07-16,41180,St. Louis,6232.7,5047.9,436.90000000000003,70.09803135077897,26.8,666.3,811.8,107.5
2021-07-23,41180,St. Louis,6181.4000000000005,5063.2,544.7,88.11919629857313,29.2,692.5,809.6,131.6
2021-07-30,41180,St. Louis,6212.2,5097.7,649.6,104.56842986381638,30.6,699.6,813.1,160.5
2021-08-06,41180,St. Louis,6218.4000000000005,5142.4,761.3,122.42699086581756,31.1,705.3,806.6,209.1
2021-08-13,41180,St. Louis,6244.9000000000005,5111.7,852.8,136.55943249691745,36,690,789.3,214.9
2021-08-20,41180,St. Louis,6212.1,5077.1,863.8,139.05120651631492,32.4,696.8,787,219.79999999999998
2021-08-27,41180,St. Louis,6236.9000000000005,5107.8,862.5,138.28985553720597,37.8,698.3,799.7,204.8
2021-09-03,41180,St. Louis,6252.8,5002.1,834.5,133.46020982599796,41,696.5,804.3,207.6
2021-09-10,41180,St. Louis,6272.1,5179.7,794.5,126.67208749860492,44.6,705.2,800.7,199.7
2021-09-17,41180,St. Louis,6279.3,5171.6,755.5,120.3159587852149,42.9,695.3,805.5,176.9
2021-09-24,41180,St. Louis,6250.6,5040,679,108.62957156113012,34.7,671.5,792.6,167.70000000000002
2021-10-01,41180,St. Louis,6249.3,5027.5,644.2,103.08354535708,36.1,669,796.2,170.9
2021-10-08,41180,St. Louis,6258.3,5003.6,588.2,93.98718501829572,34.2,653.6,790.1,249
