report_date,zip,geoid,county,state,cases,new_cases,case_avg,case_rate,case_avg_rate
2020-10-28,63348,29219,Warren,Missouri,51,NA,NA,36.170212765957444,NA
2020-10-28,63349,29219,Warren,Missouri,0,NA,NA,0,NA
2020-10-28,63351,29219,Warren,Missouri,15,NA,NA,14.591439688715953,NA
2020-10-28,63357,29219,Warren,Missouri,141,NA,NA,27.609163892696298,NA
2020-10-28,63363,29219,Warren,Missouri,0,NA,NA,0,NA
2020-10-28,63381,29219,Warren,Missouri,0,NA,NA,0,NA
2020-10-28,63383,29219,Warren,Missouri,338,NA,NA,21.109168123907068,NA
2020-10-28,63390,29219,Warren,Missouri,229,NA,NA,23.969018212267112,NA
2020-10-28,65041,29219,Warren,Missouri,0,NA,NA,0,NA
2020-10-29,63348,29219,Warren,Missouri,52,1,NA,36.87943262411347,NA
2020-10-29,63349,29219,Warren,Missouri,0,0,NA,0,NA
2020-10-29,63351,29219,Warren,Missouri,15,0,NA,14.591439688715953,NA
2020-10-29,63357,29219,Warren,Missouri,141,0,NA,27.609163892696298,NA
2020-10-29,63363,29219,Warren,Missouri,0,0,NA,0,NA
2020-10-29,63381,29219,Warren,Missouri,0,0,NA,0,NA
2020-10-29,63383,29219,Warren,Missouri,349,11,NA,21.796152885336,NA
2020-10-29,63390,29219,Warren,Missouri,233,4,NA,24.387691019468285,NA
2020-10-29,65041,29219,Warren,Missouri,0,0,NA,0,NA
2020-10-30,63348,29219,Warren,Missouri,55,3,NA,39.00709219858156,NA
2020-10-30,63349,29219,Warren,Missouri,0,0,NA,0,NA
2020-10-30,63351,29219,Warren,Missouri,15,0,NA,14.591439688715953,NA
2020-10-30,63357,29219,Warren,Missouri,144,3,NA,28.196592911689837,NA
2020-10-30,63363,29219,Warren,Missouri,0,0,NA,0,NA
2020-10-30,63381,29219,Warren,Missouri,0,0,NA,0,NA
2020-10-30,63383,29219,Warren,Missouri,360,11,NA,22.483137646764927,NA
2020-10-30,63390,29219,Warren,Missouri,241,8,NA,25.22503663387063,NA
2020-10-30,65041,29219,Warren,Missouri,0,0,NA,0,NA
2020-10-31,63348,29219,Warren,Missouri,55,0,NA,39.00709219858156,NA
2020-10-31,63349,29219,Warren,Missouri,0,0,NA,0,NA
2020-10-31,63351,29219,Warren,Missouri,16,1,NA,15.56420233463035,NA
2020-10-31,63357,29219,Warren,Missouri,144,0,NA,28.196592911689837,NA
2020-10-31,63363,29219,Warren,Missouri,0,0,NA,0,NA
2020-10-31,63381,29219,Warren,Missouri,0,0,NA,0,NA
2020-10-31,63383,29219,Warren,Missouri,364,4,NA,22.732950287284538,NA
2020-10-31,63390,29219,Warren,Missouri,246,5,NA,25.748377642872097,NA
2020-10-31,65041,29219,Warren,Missouri,0,0,NA,0,NA
2020-11-01,63348,29219,Warren,Missouri,55,0,NA,39.00709219858156,NA
2020-11-01,63349,29219,Warren,Missouri,0,0,NA,0,NA
2020-11-01,63351,29219,Warren,Missouri,16,0,NA,15.56420233463035,NA
2020-11-01,63357,29219,Warren,Missouri,149,5,NA,29.175641276679066,NA
2020-11-01,63363,29219,Warren,Missouri,0,0,NA,0,NA
2020-11-01,63381,29219,Warren,Missouri,0,0,NA,0,NA
2020-11-01,63383,29219,Warren,Missouri,365,1,NA,22.795403447414436,NA
2020-11-01,63390,29219,Warren,Missouri,246,0,NA,25.748377642872097,NA
2020-11-01,65041,29219,Warren,Missouri,0,0,NA,0,NA
2020-11-02,63348,29219,Warren,Missouri,55,0,NA,39.00709219858156,NA
2020-11-02,63349,29219,Warren,Missouri,0,0,NA,0,NA
2020-11-02,63351,29219,Warren,Missouri,16,0,NA,15.56420233463035,NA
2020-11-02,63357,29219,Warren,Missouri,153,4,NA,29.958879968670452,NA
2020-11-02,63363,29219,Warren,Missouri,0,0,NA,0,NA
2020-11-02,63381,29219,Warren,Missouri,0,0,NA,0,NA
2020-11-02,63383,29219,Warren,Missouri,373,8,NA,23.295028728453662,NA
2020-11-02,63390,29219,Warren,Missouri,248,2,NA,25.957714046472685,NA
2020-11-02,65041,29219,Warren,Missouri,5,5,NA,7.541478129713424,NA
2020-11-03,63348,29219,Warren,Missouri,55,0,NA,39.00709219858156,NA
2020-11-03,63349,29219,Warren,Missouri,0,0,NA,0,NA
2020-11-03,63351,29219,Warren,Missouri,17,1,NA,16.53696498054475,NA
2020-11-03,63357,29219,Warren,Missouri,154,1,NA,30.1546896416683,NA
2020-11-03,63363,29219,Warren,Missouri,5,5,NA,74.62686567164178,NA
2020-11-03,63381,29219,Warren,Missouri,0,0,NA,0,NA
2020-11-03,63383,29219,Warren,Missouri,384,11,NA,23.98201348988259,NA
2020-11-03,63390,29219,Warren,Missouri,256,8,NA,26.79505966087503,NA
2020-11-03,65041,29219,Warren,Missouri,5,0,NA,7.541478129713424,NA
2020-11-04,63348,29219,Warren,Missouri,55,0,NA,39.00709219858156,NA
2020-11-04,63349,29219,Warren,Missouri,0,0,NA,0,NA
2020-11-04,63351,29219,Warren,Missouri,18,1,NA,17.509727626459146,NA
2020-11-04,63357,29219,Warren,Missouri,156,2,NA,30.54630898766399,NA
2020-11-04,63363,29219,Warren,Missouri,5,0,NA,74.62686567164178,NA
2020-11-04,63381,29219,Warren,Missouri,0,0,NA,0,NA
2020-11-04,63383,29219,Warren,Missouri,394,10,NA,24.606545091181616,NA
2020-11-04,63390,29219,Warren,Missouri,262,6,NA,27.423068871676783,NA
2020-11-04,65041,29219,Warren,Missouri,6,1,NA,9.04977375565611,NA
2020-11-05,63348,29219,Warren,Missouri,55,0,NA,39.00709219858156,NA
2020-11-05,63349,29219,Warren,Missouri,0,0,NA,0,NA
2020-11-05,63351,29219,Warren,Missouri,19,1,NA,18.482490272373543,NA
2020-11-05,63357,29219,Warren,Missouri,161,5,NA,31.525357352653224,NA
2020-11-05,63363,29219,Warren,Missouri,5,0,NA,74.62686567164178,NA
2020-11-05,63381,29219,Warren,Missouri,0,0,NA,0,NA
2020-11-05,63383,29219,Warren,Missouri,409,15,NA,25.54334249313015,NA
2020-11-05,63390,29219,Warren,Missouri,274,12,NA,28.6790872932803,NA
2020-11-05,65041,29219,Warren,Missouri,6,0,NA,9.04977375565611,NA
2020-11-06,63348,29219,Warren,Missouri,55,0,NA,39.00709219858156,NA
2020-11-06,63349,29219,Warren,Missouri,0,0,NA,0,NA
2020-11-06,63351,29219,Warren,Missouri,19,0,NA,18.482490272373543,NA
2020-11-06,63357,29219,Warren,Missouri,175,14,NA,34.26669277462307,NA
2020-11-06,63363,29219,Warren,Missouri,5,0,NA,74.62686567164178,NA
2020-11-06,63381,29219,Warren,Missouri,0,0,NA,0,NA
2020-11-06,63383,29219,Warren,Missouri,425,16,NA,26.542593055208595,NA
2020-11-06,63390,29219,Warren,Missouri,279,5,NA,29.202428302281767,NA
2020-11-06,65041,29219,Warren,Missouri,6,0,NA,9.04977375565611,NA
2020-11-07,63348,29219,Warren,Missouri,56,1,NA,39.71631205673759,NA
2020-11-07,63349,29219,Warren,Missouri,0,0,NA,0,NA
2020-11-07,63351,29219,Warren,Missouri,20,1,NA,19.45525291828794,NA
2020-11-07,63357,29219,Warren,Missouri,178,3,NA,34.854121793616606,NA
2020-11-07,63363,29219,Warren,Missouri,6,1,NA,89.55223880597015,NA
2020-11-07,63381,29219,Warren,Missouri,0,0,NA,0,NA
2020-11-07,63383,29219,Warren,Missouri,435,10,NA,27.16712465650762,NA
2020-11-07,63390,29219,Warren,Missouri,282,3,NA,29.516432907682645,NA
2020-11-07,65041,29219,Warren,Missouri,6,0,NA,9.04977375565611,NA
2020-11-08,63348,29219,Warren,Missouri,57,1,NA,40.42553191489362,NA
2020-11-08,63349,29219,Warren,Missouri,0,0,NA,0,NA
2020-11-08,63351,29219,Warren,Missouri,21,1,NA,20.428015564202337,NA
2020-11-08,63357,29219,Warren,Missouri,178,0,NA,34.854121793616606,NA
2020-11-08,63363,29219,Warren,Missouri,6,0,NA,89.55223880597015,NA
2020-11-08,63381,29219,Warren,Missouri,0,0,NA,0,NA
2020-11-08,63383,29219,Warren,Missouri,439,4,NA,27.41693729702723,NA
2020-11-08,63390,29219,Warren,Missouri,284,2,NA,29.72576931128323,NA
2020-11-08,65041,29219,Warren,Missouri,6,0,NA,9.04977375565611,NA
2020-11-09,63348,29219,Warren,Missouri,59,2,NA,41.84397163120567,NA
2020-11-09,63349,29219,Warren,Missouri,0,0,NA,0,NA
2020-11-09,63351,29219,Warren,Missouri,21,0,NA,20.428015564202337,NA
2020-11-09,63357,29219,Warren,Missouri,186,8,NA,36.42059917759937,NA
2020-11-09,63363,29219,Warren,Missouri,6,0,NA,89.55223880597015,NA
2020-11-09,63381,29219,Warren,Missouri,0,0,NA,0,NA
2020-11-09,63383,29219,Warren,Missouri,456,17,NA,28.478641019235575,NA
2020-11-09,63390,29219,Warren,Missouri,290,6,NA,30.35377852208499,NA
2020-11-09,65041,29219,Warren,Missouri,6,0,NA,9.04977375565611,NA
2020-11-10,63348,29219,Warren,Missouri,61,2,NA,43.262411347517734,NA
2020-11-10,63349,29219,Warren,Missouri,0,0,NA,0,NA
2020-11-10,63351,29219,Warren,Missouri,21,0,NA,20.428015564202337,NA
2020-11-10,63357,29219,Warren,Missouri,189,3,NA,37.00802819659292,NA
2020-11-10,63363,29219,Warren,Missouri,6,0,NA,89.55223880597015,NA
2020-11-10,63381,29219,Warren,Missouri,0,0,NA,0,NA
2020-11-10,63383,29219,Warren,Missouri,477,21,NA,29.790157381963528,NA
2020-11-10,63390,29219,Warren,Missouri,301,11,NA,31.505128741888218,NA
2020-11-10,65041,29219,Warren,Missouri,6,0,NA,9.04977375565611,NA
2020-11-11,63348,29219,Warren,Missouri,61,0,0.7142857142857143,43.262411347517734,5.065856129685917
2020-11-11,63349,29219,Warren,Missouri,0,0,0,0,0
2020-11-11,63351,29219,Warren,Missouri,21,0,0.42857142857142855,20.428015564202337,4.1689827682045575
2020-11-11,63357,29219,Warren,Missouri,189,0,3.4285714285714284,37.00802819659292,6.713474502783295
2020-11-11,63363,29219,Warren,Missouri,6,0,0.42857142857142855,89.55223880597015,63.96588486140725
2020-11-11,63381,29219,Warren,Missouri,0,0,0,0,0
2020-11-11,63383,29219,Warren,Missouri,477,0,9.928571428571429,29.790157381963528,6.200706612897469
2020-11-11,63390,29219,Warren,Missouri,301,0,5.142857142857143,31.505128741888218,5.382936092586502
2020-11-11,65041,29219,Warren,Missouri,6,0,0.42857142857142855,9.04977375565611,6.464124111182935
2020-11-12,63348,29219,Warren,Missouri,63,2,0.7857142857142857,44.68085106382979,5.572441742654508
2020-11-12,63349,29219,Warren,Missouri,0,0,0,0,0
2020-11-12,63351,29219,Warren,Missouri,22,1,0.5,21.40077821011673,4.863813229571985
2020-11-12,63357,29219,Warren,Missouri,199,10,4.142857142857143,38.966124926571375,8.11211502419648
2020-11-12,63363,29219,Warren,Missouri,6,0,0.42857142857142855,89.55223880597015,63.96588486140725
2020-11-12,63381,29219,Warren,Missouri,0,0,0,0,0
2020-11-12,63383,29219,Warren,Missouri,499,22,10.714285714285714,31.164126904821384,6.691410013918133
2020-11-12,63390,29219,Warren,Missouri,317,16,6,33.1798199706929,6.280092108017584
2020-11-12,65041,29219,Warren,Missouri,7,1,0.5,10.558069381598793,7.541478129713425
2020-11-13,63348,29219,Warren,Missouri,63,0,0.5714285714285714,44.68085106382979,4.052684903748733
2020-11-13,63349,29219,Warren,Missouri,0,0,0,0,0
2020-11-13,63351,29219,Warren,Missouri,22,0,0.5,21.40077821011673,4.863813229571985
2020-11-13,63357,29219,Warren,Missouri,212,13,4.857142857142857,41.51165067554337,9.510755545609667
2020-11-13,63363,29219,Warren,Missouri,6,0,0.42857142857142855,89.55223880597015,63.96588486140725
2020-11-13,63381,29219,Warren,Missouri,0,0,0,0,0
2020-11-13,63383,29219,Warren,Missouri,528,29,12,32.97526854858856,7.494379215588309
2020-11-13,63390,29219,Warren,Missouri,334,17,6.642857142857143,34.95917940129788,6.952959119590897
2020-11-13,65041,29219,Warren,Missouri,7,0,0.5,10.558069381598793,7.541478129713425
2020-11-14,63348,29219,Warren,Missouri,64,1,0.6428571428571429,45.39007092198582,4.5592705167173255
2020-11-14,63349,29219,Warren,Missouri,0,0,0,0,0
2020-11-14,63351,29219,Warren,Missouri,22,0,0.42857142857142855,21.40077821011673,4.1689827682045575
2020-11-14,63357,29219,Warren,Missouri,215,3,5.071428571428571,42.09907969453691,9.930347702033623
2020-11-14,63363,29219,Warren,Missouri,6,0,0.42857142857142855,89.55223880597015,63.96588486140725
2020-11-14,63381,29219,Warren,Missouri,0,0,0,0,0
2020-11-14,63383,29219,Warren,Missouri,534,6,12.142857142857142,33.34998750936798,7.583598015773884
2020-11-14,63390,29219,Warren,Missouri,337,3,6.5,35.27318400669876,6.80343311701905
2020-11-14,65041,29219,Warren,Missouri,7,0,0.5,10.558069381598793,7.541478129713425
2020-11-15,63348,29219,Warren,Missouri,64,0,0.6428571428571429,45.39007092198582,4.5592705167173255
2020-11-15,63349,29219,Warren,Missouri,0,0,0,0,0
2020-11-15,63351,29219,Warren,Missouri,22,0,0.42857142857142855,21.40077821011673,4.1689827682045575
2020-11-15,63357,29219,Warren,Missouri,215,0,4.714285714285714,42.09907969453691,9.231027441327031
2020-11-15,63363,29219,Warren,Missouri,6,0,0.42857142857142855,89.55223880597015,63.96588486140725
2020-11-15,63381,29219,Warren,Missouri,0,0,0,0,0
2020-11-15,63383,29219,Warren,Missouri,548,14,13.071428571428571,34.22433175118661,8.163520216980123
2020-11-15,63390,29219,Warren,Missouri,343,6,6.928571428571429,35.90119321750052,7.252011124734591
2020-11-15,65041,29219,Warren,Missouri,7,0,0.5,10.558069381598793,7.541478129713425
2020-11-16,63348,29219,Warren,Missouri,64,0,0.6428571428571429,45.39007092198582,4.5592705167173255
2020-11-16,63349,29219,Warren,Missouri,0,0,0,0,0
2020-11-16,63351,29219,Warren,Missouri,22,0,0.42857142857142855,21.40077821011673,4.1689827682045575
2020-11-16,63357,29219,Warren,Missouri,224,9,5.071428571428571,43.86136675151753,9.930347702033623
2020-11-16,63363,29219,Warren,Missouri,6,0,0.42857142857142855,89.55223880597015,63.96588486140725
2020-11-16,63381,29219,Warren,Missouri,0,0,0,0,0
2020-11-16,63383,29219,Warren,Missouri,562,14,13.5,35.098675993005244,8.431176617536847
2020-11-16,63390,29219,Warren,Missouri,352,9,7.428571428571429,36.84320703370316,7.775352133736057
2020-11-16,65041,29219,Warren,Missouri,7,0,0.14285714285714285,10.558069381598793,2.154708037060978
2020-11-17,63348,29219,Warren,Missouri,64,0,0.6428571428571429,45.39007092198582,4.5592705167173255
2020-11-17,63349,29219,Warren,Missouri,0,0,0,0,0
2020-11-17,63351,29219,Warren,Missouri,22,0,0.35714285714285715,21.40077821011673,3.474152306837132
2020-11-17,63357,29219,Warren,Missouri,231,7,5.5,45.23203446250245,10.769532014881534
2020-11-17,63363,29219,Warren,Missouri,6,0,0.07142857142857142,89.55223880597015,10.660980810234541
2020-11-17,63381,29219,Warren,Missouri,0,0,0,0,0
2020-11-17,63383,29219,Warren,Missouri,573,11,13.5,35.78566075443417,8.431176617536847
2020-11-17,63390,29219,Warren,Missouri,360,8,7.428571428571429,37.680552648105504,7.775352133736057
2020-11-17,65041,29219,Warren,Missouri,7,0,0.14285714285714285,10.558069381598793,2.154708037060978
2020-11-18,63348,29219,Warren,Missouri,64,0,0.6428571428571429,45.39007092198582,4.5592705167173255
2020-11-18,63349,29219,Warren,Missouri,0,0,0,0,0
2020-11-18,63351,29219,Warren,Missouri,22,0,0.2857142857142857,21.40077821011673,2.7793218454697053
2020-11-18,63357,29219,Warren,Missouri,250,19,6.714285714285714,48.95241824946152,13.147220901283951
2020-11-18,63363,29219,Warren,Missouri,6,0,0.07142857142857142,89.55223880597015,10.660980810234541
2020-11-18,63381,29219,Warren,Missouri,0,0,0,0,0
2020-11-18,63383,29219,Warren,Missouri,583,10,13.5,36.4101923557332,8.431176617536847
2020-11-18,63390,29219,Warren,Missouri,361,1,7.071428571428571,37.7852208499058,7.4015371273064385
2020-11-18,65041,29219,Warren,Missouri,7,0,0.07142857142857142,10.558069381598793,1.077354018530489
2020-11-19,63348,29219,Warren,Missouri,64,0,0.6428571428571429,45.39007092198582,4.5592705167173255
2020-11-19,63349,29219,Warren,Missouri,0,0,0,0,0
2020-11-19,63351,29219,Warren,Missouri,22,0,0.21428571428571427,21.40077821011673,2.0844913841022787
2020-11-19,63357,29219,Warren,Missouri,250,0,6.357142857142857,48.95241824946152,12.447900640577359
2020-11-19,63363,29219,Warren,Missouri,6,0,0.07142857142857142,89.55223880597015,10.660980810234541
2020-11-19,63381,29219,Warren,Missouri,0,0,0,0,0
2020-11-19,63383,29219,Warren,Missouri,583,0,12.428571428571429,36.4101923557332,7.762035616145035
2020-11-19,63390,29219,Warren,Missouri,361,0,6.214285714285714,37.7852208499058,6.504381111875356
2020-11-19,65041,29219,Warren,Missouri,7,0,0.07142857142857142,10.558069381598793,1.077354018530489
2020-11-20,63348,29219,Warren,Missouri,65,1,0.7142857142857143,46.09929078014184,5.065856129685917
2020-11-20,63349,29219,Warren,Missouri,0,0,0,0,0
2020-11-20,63351,29219,Warren,Missouri,24,2,0.35714285714285715,23.346303501945524,3.474152306837132
2020-11-20,63357,29219,Warren,Missouri,269,19,6.714285714285714,52.6728020364206,13.147220901283951
2020-11-20,63363,29219,Warren,Missouri,6,0,0.07142857142857142,89.55223880597015,10.660980810234541
2020-11-20,63381,29219,Warren,Missouri,0,0,0,0,0
2020-11-20,63383,29219,Warren,Missouri,601,18,12.571428571428571,37.53434923807145,7.851254416330609
2020-11-20,63390,29219,Warren,Missouri,372,11,6.642857142857143,38.93657106970902,6.952959119590897
2020-11-20,65041,29219,Warren,Missouri,7,0,0.07142857142857142,10.558069381598793,1.077354018530489
2020-11-21,63348,29219,Warren,Missouri,65,0,0.6428571428571429,46.09929078014184,4.5592705167173255
2020-11-21,63349,29219,Warren,Missouri,0,0,0,0,0
2020-11-21,63351,29219,Warren,Missouri,24,0,0.2857142857142857,23.346303501945524,2.7793218454697053
2020-11-21,63357,29219,Warren,Missouri,269,0,6.5,52.6728020364206,12.727628744859997
2020-11-21,63363,29219,Warren,Missouri,6,0,0,89.55223880597015,0
2020-11-21,63381,29219,Warren,Missouri,0,0,0,0,0
2020-11-21,63383,29219,Warren,Missouri,601,0,11.857142857142858,37.53434923807145,7.405160415402734
2020-11-21,63390,29219,Warren,Missouri,372,0,6.428571428571429,38.93657106970902,6.7286701157331255
2020-11-21,65041,29219,Warren,Missouri,7,0,0.07142857142857142,10.558069381598793,1.077354018530489
2020-11-22,63348,29219,Warren,Missouri,69,4,0.8571428571428571,48.93617021276596,6.0790273556231
2020-11-22,63349,29219,Warren,Missouri,0,0,0,0,0
2020-11-22,63351,29219,Warren,Missouri,28,4,0.5,27.237354085603112,4.863813229571985
2020-11-22,63357,29219,Warren,Missouri,280,11,7.285714285714286,54.82670843939691,14.266133318414502
2020-11-22,63363,29219,Warren,Missouri,6,0,0,89.55223880597015,0
2020-11-22,63381,29219,Warren,Missouri,0,0,0,0,0
2020-11-22,63383,29219,Warren,Missouri,629,28,13.571428571428571,39.28303772170872,8.475786017629634
2020-11-22,63390,29219,Warren,Missouri,388,16,7.428571428571429,40.61126229851371,7.775352133736057
2020-11-22,65041,29219,Warren,Missouri,7,0,0.07142857142857142,10.558069381598793,1.077354018530489
2020-11-23,63348,29219,Warren,Missouri,69,0,0.7142857142857143,48.93617021276596,5.065856129685917
2020-11-23,63349,29219,Warren,Missouri,0,0,0,0,0
2020-11-23,63351,29219,Warren,Missouri,30,2,0.6428571428571429,29.182879377431906,6.253474152306838
2020-11-23,63357,29219,Warren,Missouri,281,1,6.785714285714286,55.02251811239475,13.28708495342527
2020-11-23,63363,29219,Warren,Missouri,6,0,0,89.55223880597015,0
2020-11-23,63381,29219,Warren,Missouri,0,0,0,0,0
2020-11-23,63383,29219,Warren,Missouri,637,8,12.928571428571429,39.78266300274794,8.074301416794547
2020-11-23,63390,29219,Warren,Missouri,399,11,7.785714285714286,41.762612518316935,8.149167140165675
2020-11-23,65041,29219,Warren,Missouri,7,0,0.07142857142857142,10.558069381598793,1.077354018530489
2020-11-24,63348,29219,Warren,Missouri,69,0,0.5714285714285714,48.93617021276596,4.052684903748733
2020-11-24,63349,29219,Warren,Missouri,0,0,0,0,0
2020-11-24,63351,29219,Warren,Missouri,30,0,0.6428571428571429,29.182879377431906,6.253474152306838
2020-11-24,63357,29219,Warren,Missouri,285,4,6.857142857142857,55.80575680438614,13.42694900556659
2020-11-24,63363,29219,Warren,Missouri,6,0,0,89.55223880597015,0
2020-11-24,63381,29219,Warren,Missouri,0,0,0,0,0
2020-11-24,63383,29219,Warren,Missouri,647,10,12.142857142857142,40.407194604046964,7.583598015773884
2020-11-24,63390,29219,Warren,Missouri,402,3,7.214285714285714,42.07661712371782,7.551063129878285
2020-11-24,65041,29219,Warren,Missouri,7,0,0.07142857142857142,10.558069381598793,1.077354018530489
2020-11-25,63348,29219,Warren,Missouri,70,1,0.6428571428571429,49.64539007092199,4.5592705167173255
2020-11-25,63349,29219,Warren,Missouri,0,0,0,0,0
2020-11-25,63351,29219,Warren,Missouri,30,0,0.6428571428571429,29.182879377431906,6.253474152306838
2020-11-25,63357,29219,Warren,Missouri,295,10,7.571428571428571,57.7638535343646,14.825589526979774
2020-11-25,63363,29219,Warren,Missouri,6,0,0,89.55223880597015,0
2020-11-25,63381,29219,Warren,Missouri,0,0,0,0,0
2020-11-25,63383,29219,Warren,Missouri,660,13,13.071428571428571,41.2190856857357,8.163520216980123
2020-11-25,63390,29219,Warren,Missouri,408,6,7.642857142857143,42.704626334519574,7.9996411375938274
2020-11-25,65041,29219,Warren,Missouri,7,0,0.07142857142857142,10.558069381598793,1.077354018530489
2020-11-26,63348,29219,Warren,Missouri,70,0,0.5,49.64539007092199,3.546099290780142
2020-11-26,63349,29219,Warren,Missouri,0,0,0,0,0
2020-11-26,63351,29219,Warren,Missouri,30,0,0.5714285714285714,29.182879377431906,5.558643690939411
2020-11-26,63357,29219,Warren,Missouri,295,0,6.857142857142857,57.7638535343646,13.42694900556659
2020-11-26,63363,29219,Warren,Missouri,6,0,0,89.55223880597015,0
2020-11-26,63381,29219,Warren,Missouri,0,0,0,0,0
2020-11-26,63383,29219,Warren,Missouri,660,0,11.5,41.2190856857357,7.1821134149387955
2020-11-26,63390,29219,Warren,Missouri,408,0,6.5,42.704626334519574,6.80343311701905
2020-11-26,65041,29219,Warren,Missouri,7,0,0,10.558069381598793,0
2020-11-27,63348,29219,Warren,Missouri,70,0,0.5,49.64539007092199,3.546099290780142
2020-11-27,63349,29219,Warren,Missouri,0,0,0,0,0
2020-11-27,63351,29219,Warren,Missouri,30,0,0.5714285714285714,29.182879377431906,5.558643690939411
2020-11-27,63357,29219,Warren,Missouri,295,0,5.928571428571429,57.7638535343646,11.608716327729447
2020-11-27,63363,29219,Warren,Missouri,6,0,0,89.55223880597015,0
2020-11-27,63381,29219,Warren,Missouri,0,0,0,0,0
2020-11-27,63383,29219,Warren,Missouri,660,0,9.428571428571429,41.2190856857357,5.888440812247957
2020-11-27,63390,29219,Warren,Missouri,408,0,5.285714285714286,42.704626334519574,5.532462095158348
2020-11-27,65041,29219,Warren,Missouri,7,0,0,10.558069381598793,0
2020-11-28,63348,29219,Warren,Missouri,70,0,0.42857142857142855,49.64539007092199,3.03951367781155
2020-11-28,63349,29219,Warren,Missouri,0,0,0,0,0
2020-11-28,63351,29219,Warren,Missouri,30,0,0.5714285714285714,29.182879377431906,5.558643690939411
2020-11-28,63357,29219,Warren,Missouri,304,9,6.357142857142857,59.52614059134521,12.447900640577359
2020-11-28,63363,29219,Warren,Missouri,6,0,0,89.55223880597015,0
2020-11-28,63381,29219,Warren,Missouri,0,0,0,0,0
2020-11-28,63383,29219,Warren,Missouri,689,29,11.071428571428571,43.03022732950287,6.91445701438207
2020-11-28,63390,29219,Warren,Missouri,419,11,5.857142857142857,43.855976554322794,6.1305661054457365
2020-11-28,65041,29219,Warren,Missouri,7,0,0,10.558069381598793,0
2020-11-29,63348,29219,Warren,Missouri,70,0,0.42857142857142855,49.64539007092199,3.03951367781155
2020-11-29,63349,29219,Warren,Missouri,0,0,0,0,0
2020-11-29,63351,29219,Warren,Missouri,30,0,0.5714285714285714,29.182879377431906,5.558643690939411
2020-11-29,63357,29219,Warren,Missouri,306,2,6.5,59.917759937340904,12.727628744859997
2020-11-29,63363,29219,Warren,Missouri,6,0,0,89.55223880597015,0
2020-11-29,63381,29219,Warren,Missouri,0,0,0,0,0
2020-11-29,63383,29219,Warren,Missouri,693,4,10.357142857142858,43.280039970022486,6.468363013454196
2020-11-29,63390,29219,Warren,Missouri,420,1,5.5,43.96064475612309,5.756751099016119
2020-11-29,65041,29219,Warren,Missouri,7,0,0,10.558069381598793,0
2020-11-30,63348,29219,Warren,Missouri,70,0,0.42857142857142855,49.64539007092199,3.03951367781155
2020-11-30,63349,29219,Warren,Missouri,0,0,0,0,0
2020-11-30,63351,29219,Warren,Missouri,30,0,0.5714285714285714,29.182879377431906,5.558643690939411
2020-11-30,63357,29219,Warren,Missouri,306,0,5.857142857142857,59.917759937340904,11.468852275588128
2020-11-30,63363,29219,Warren,Missouri,6,0,0,89.55223880597015,0
2020-11-30,63381,29219,Warren,Missouri,0,0,0,0,0
2020-11-30,63383,29219,Warren,Missouri,693,0,9.357142857142858,43.280039970022486,5.84383141215517
2020-11-30,63390,29219,Warren,Missouri,420,0,4.857142857142857,43.96064475612309,5.083884087442806
2020-11-30,65041,29219,Warren,Missouri,7,0,0,10.558069381598793,0
2020-12-01,63348,29219,Warren,Missouri,73,3,0.6428571428571429,51.77304964539007,4.5592705167173255
2020-12-01,63349,29219,Warren,Missouri,0,0,0,0,0
2020-12-01,63351,29219,Warren,Missouri,30,0,0.5714285714285714,29.182879377431906,5.558643690939411
2020-12-01,63357,29219,Warren,Missouri,310,4,5.642857142857143,60.70099862933229,11.049260119164172
2020-12-01,63363,29219,Warren,Missouri,6,0,0,89.55223880597015,0
2020-12-01,63381,29219,Warren,Missouri,0,0,0,0,0
2020-12-01,63383,29219,Warren,Missouri,714,21,10.071428571428571,44.591556332750436,6.289925413083044
2020-12-01,63390,29219,Warren,Missouri,420,0,4.285714285714286,43.96064475612309,4.485780077155417
2020-12-01,65041,29219,Warren,Missouri,7,0,0,10.558069381598793,0
2020-12-02,63348,29219,Warren,Missouri,74,1,0.7142857142857143,52.4822695035461,5.065856129685917
2020-12-02,63349,29219,Warren,Missouri,0,0,0,0,0
2020-12-02,63351,29219,Warren,Missouri,31,1,0.6428571428571429,30.155642023346303,6.253474152306838
2020-12-02,63357,29219,Warren,Missouri,317,7,4.785714285714286,62.07166634031721,9.370891493468347
2020-12-02,63363,29219,Warren,Missouri,6,0,0,89.55223880597015,0
2020-12-02,63381,29219,Warren,Missouri,0,0,0,0,0
2020-12-02,63383,29219,Warren,Missouri,719,5,9.714285714285714,44.90382213339995,6.066878412619107
2020-12-02,63390,29219,Warren,Missouri,422,2,4.357142857142857,44.169981159723676,4.5605430784413405
2020-12-02,65041,29219,Warren,Missouri,7,0,0,10.558069381598793,0
2020-12-03,63348,29219,Warren,Missouri,74,0,0.7142857142857143,52.4822695035461,5.065856129685917
2020-12-03,63349,29219,Warren,Missouri,0,0,0,0,0
2020-12-03,63351,29219,Warren,Missouri,31,0,0.6428571428571429,30.155642023346303,6.253474152306838
2020-12-03,63357,29219,Warren,Missouri,323,6,5.214285714285714,63.24652437830429,10.210075806316262
2020-12-03,63363,29219,Warren,Missouri,6,0,0,89.55223880597015,0
2020-12-03,63381,29219,Warren,Missouri,0,0,0,0,0
2020-12-03,63383,29219,Warren,Missouri,729,10,10.428571428571429,45.528353734698975,6.512972413546983
2020-12-03,63390,29219,Warren,Missouri,432,10,5.071428571428571,45.21666317772661,5.308173091300577
2020-12-03,65041,29219,Warren,Missouri,7,0,0,10.558069381598793,0
2020-12-04,63348,29219,Warren,Missouri,76,2,0.7857142857142857,53.90070921985816,5.572441742654508
2020-12-04,63349,29219,Warren,Missouri,0,0,0,0,0
2020-12-04,63351,29219,Warren,Missouri,31,0,0.5,30.155642023346303,4.863813229571985
2020-12-04,63357,29219,Warren,Missouri,325,2,4,63.63814372429997,7.832386919913843
2020-12-04,63363,29219,Warren,Missouri,6,0,0,89.55223880597015,0
2020-12-04,63381,29219,Warren,Missouri,0,0,0,0,0
2020-12-04,63383,29219,Warren,Missouri,741,12,10,46.277791656257804,6.245316012990258
2020-12-04,63390,29219,Warren,Missouri,440,8,4.857142857142857,46.054008792128954,5.083884087442806
2020-12-04,65041,29219,Warren,Missouri,7,0,0,10.558069381598793,0
2020-12-05,63348,29219,Warren,Missouri,76,0,0.7857142857142857,53.90070921985816,5.572441742654508
2020-12-05,63349,29219,Warren,Missouri,0,0,0,0,0
2020-12-05,63351,29219,Warren,Missouri,31,0,0.5,30.155642023346303,4.863813229571985
2020-12-05,63357,29219,Warren,Missouri,325,0,4,63.63814372429997,7.832386919913843
2020-12-05,63363,29219,Warren,Missouri,6,0,0,89.55223880597015,0
2020-12-05,63381,29219,Warren,Missouri,0,0,0,0,0
2020-12-05,63383,29219,Warren,Missouri,741,0,10,46.277791656257804,6.245316012990258
2020-12-05,63390,29219,Warren,Missouri,440,0,4.857142857142857,46.054008792128954,5.083884087442806
2020-12-05,65041,29219,Warren,Missouri,7,0,0,10.558069381598793,0
2020-12-06,63348,29219,Warren,Missouri,76,0,0.5,53.90070921985816,3.546099290780142
2020-12-06,63349,29219,Warren,Missouri,0,0,0,0,0
2020-12-06,63351,29219,Warren,Missouri,32,1,0.2857142857142857,31.1284046692607,2.7793218454697053
2020-12-06,63357,29219,Warren,Missouri,328,3,3.4285714285714284,64.22557274329351,6.713474502783295
2020-12-06,63363,29219,Warren,Missouri,6,0,0,89.55223880597015,0
2020-12-06,63381,29219,Warren,Missouri,0,0,0,0,0
2020-12-06,63383,29219,Warren,Missouri,756,15,9.071428571428571,47.21458905820634,5.6653938117840195
2020-12-06,63390,29219,Warren,Missouri,442,2,3.857142857142857,46.263345195729535,4.037202069439876
2020-12-06,65041,29219,Warren,Missouri,7,0,0,10.558069381598793,0
2020-12-07,63348,29219,Warren,Missouri,76,0,0.5,53.90070921985816,3.546099290780142
2020-12-07,63349,29219,Warren,Missouri,0,0,0,0,0
2020-12-07,63351,29219,Warren,Missouri,32,0,0.14285714285714285,31.1284046692607,1.3896609227348526
2020-12-07,63357,29219,Warren,Missouri,328,0,3.357142857142857,64.22557274329351,6.573610450641976
2020-12-07,63363,29219,Warren,Missouri,6,0,0,89.55223880597015,0
2020-12-07,63381,29219,Warren,Missouri,0,0,0,0,0
2020-12-07,63383,29219,Warren,Missouri,756,0,8.5,47.21458905820634,5.308518611041719
2020-12-07,63390,29219,Warren,Missouri,442,0,3.0714285714285716,46.263345195729535,3.2148090552947157
2020-12-07,65041,29219,Warren,Missouri,7,0,0,10.558069381598793,0
2020-12-08,63348,29219,Warren,Missouri,79,3,0.7142857142857143,56.02836879432624,5.065856129685917
2020-12-08,63349,29219,Warren,Missouri,0,0,0,0,0
2020-12-08,63351,29219,Warren,Missouri,33,1,0.21428571428571427,32.1011673151751,2.0844913841022787
2020-12-08,63357,29219,Warren,Missouri,339,11,3.857142857142857,66.37947914626982,7.552658815631206
2020-12-08,63363,29219,Warren,Missouri,6,0,0,89.55223880597015,0
2020-12-08,63381,29219,Warren,Missouri,0,0,0,0,0
2020-12-08,63383,29219,Warren,Missouri,768,12,8.642857142857142,47.96402697976518,5.397737411227294
2020-12-08,63390,29219,Warren,Missouri,448,6,3.2857142857142856,46.8913544065313,3.4390980591524865
2020-12-08,65041,29219,Warren,Missouri,7,0,0,10.558069381598793,0
2020-12-09,63348,29219,Warren,Missouri,79,0,0.6428571428571429,56.02836879432624,4.5592705167173255
2020-12-09,63349,29219,Warren,Missouri,0,0,0,0,0
2020-12-09,63351,29219,Warren,Missouri,33,0,0.21428571428571427,32.1011673151751,2.0844913841022787
2020-12-09,63357,29219,Warren,Missouri,339,0,3.142857142857143,66.37947914626982,6.1540182942180195
2020-12-09,63363,29219,Warren,Missouri,6,0,0,89.55223880597015,0
2020-12-09,63381,29219,Warren,Missouri,0,0,0,0,0
2020-12-09,63383,29219,Warren,Missouri,768,0,7.714285714285714,47.96402697976518,4.817815210021056
2020-12-09,63390,29219,Warren,Missouri,448,0,2.857142857142857,46.8913544065313,2.990520051436945
2020-12-09,65041,29219,Warren,Missouri,7,0,0,10.558069381598793,0
2020-12-10,63348,29219,Warren,Missouri,0,-79,-5,0,-35.46099290780142
2020-12-10,63349,29219,Warren,Missouri,0,0,0,0,0
2020-12-10,63351,29219,Warren,Missouri,34,1,0.2857142857142857,33.0739299610895,2.7793218454697053
2020-12-10,63357,29219,Warren,Missouri,348,9,3.7857142857142856,68.14176620325044,7.412794763489887
2020-12-10,63363,29219,Warren,Missouri,6,0,0,89.55223880597015,0
2020-12-10,63381,29219,Warren,Missouri,0,0,0,0,0
2020-12-10,63383,29219,Warren,Missouri,779,11,8.5,48.651011741194104,5.308518611041719
2020-12-10,63390,29219,Warren,Missouri,458,10,3.5714285714285716,47.938036424534225,3.7381500642961814
2020-12-10,65041,29219,Warren,Missouri,7,0,0,10.558069381598793,0
2020-12-11,63348,29219,Warren,Missouri,0,0,-5,0,-35.46099290780142
2020-12-11,63349,29219,Warren,Missouri,0,0,0,0,0
2020-12-11,63351,29219,Warren,Missouri,34,0,0.2857142857142857,33.0739299610895,2.7793218454697053
2020-12-11,63357,29219,Warren,Missouri,348,0,3.7857142857142856,68.14176620325044,7.412794763489887
2020-12-11,63363,29219,Warren,Missouri,6,0,0,89.55223880597015,0
2020-12-11,63381,29219,Warren,Missouri,0,0,0,0,0
2020-12-11,63383,29219,Warren,Missouri,779,0,8.5,48.651011741194104,5.308518611041719
2020-12-11,63390,29219,Warren,Missouri,458,0,3.5714285714285716,47.938036424534225,3.7381500642961814
2020-12-11,65041,29219,Warren,Missouri,7,0,0,10.558069381598793,0
2020-12-12,63348,29219,Warren,Missouri,0,0,-5,0,-35.46099290780142
2020-12-12,63349,29219,Warren,Missouri,0,0,0,0,0
2020-12-12,63351,29219,Warren,Missouri,34,0,0.2857142857142857,33.0739299610895,2.7793218454697053
2020-12-12,63357,29219,Warren,Missouri,348,0,3.142857142857143,68.14176620325044,6.1540182942180195
2020-12-12,63363,29219,Warren,Missouri,6,0,0,89.55223880597015,0
2020-12-12,63381,29219,Warren,Missouri,0,0,0,0,0
2020-12-12,63383,29219,Warren,Missouri,779,0,6.428571428571429,48.651011741194104,4.0148460083508795
2020-12-12,63390,29219,Warren,Missouri,458,0,2.7857142857142856,47.938036424534225,2.915757050151021
2020-12-12,65041,29219,Warren,Missouri,7,0,0,10.558069381598793,0
2020-12-13,63351,29219,Warren,Missouri,34,0,0.2857142857142857,33.0739299610895,2.7793218454697053
2020-12-13,63357,29219,Warren,Missouri,348,0,3,68.14176620325044,5.874290189935383
2020-12-13,63363,29219,Warren,Missouri,6,0,0,89.55223880597015,0
2020-12-13,63383,29219,Warren,Missouri,779,0,6.142857142857143,48.651011741194104,3.83640840797973
2020-12-13,63390,29219,Warren,Missouri,458,0,2.7142857142857144,47.938036424534225,2.840994048865098
2020-12-13,65041,29219,Warren,Missouri,7,0,0,10.558069381598793,0
2020-12-14,63348,29219,Warren,Missouri,85,85,1.0714285714285714,60.28368794326241,7.598784194528875
2020-12-14,63351,29219,Warren,Missouri,35,1,0.35714285714285715,34.04669260700389,3.474152306837132
2020-12-14,63357,29219,Warren,Missouri,358,10,3.7142857142857144,70.09986293322889,7.27293071134857
2020-12-14,63363,29219,Warren,Missouri,6,0,0,89.55223880597015,0
2020-12-14,63383,29219,Warren,Missouri,798,19,7.5,49.83762178366225,4.683987009742693
2020-12-14,63390,29219,Warren,Missouri,477,19,4.071428571428571,49.9267322587398,4.2614910732976465
2020-12-14,65041,29219,Warren,Missouri,8,1,0.07142857142857142,12.066365007541478,1.077354018530489
2020-12-15,63348,29219,Warren,Missouri,85,0,1.0714285714285714,60.28368794326241,7.598784194528875
2020-12-15,63351,29219,Warren,Missouri,35,0,0.35714285714285715,34.04669260700389,3.474152306837132
2020-12-15,63357,29219,Warren,Missouri,358,0,3.4285714285714284,70.09986293322889,6.713474502783295
2020-12-15,63363,29219,Warren,Missouri,6,0,0,89.55223880597015,0
2020-12-15,63383,29219,Warren,Missouri,805,7,6.5,50.27479390457157,4.059455408443667
2020-12-15,63390,29219,Warren,Missouri,478,1,4.142857142857143,50.03140046054009,4.33625407458357
2020-12-15,65041,29219,Warren,Missouri,8,0,0.07142857142857142,12.066365007541478,1.077354018530489
2020-12-16,63348,29219,Warren,Missouri,86,1,0.9285714285714286,60.99290780141844,6.5856129685916915
2020-12-16,63351,29219,Warren,Missouri,35,0,0.2857142857142857,34.04669260700389,2.7793218454697053
2020-12-16,63357,29219,Warren,Missouri,359,1,3,70.29567260622676,5.874290189935383
2020-12-16,63363,29219,Warren,Missouri,6,0,0,89.55223880597015,0
2020-12-16,63383,29219,Warren,Missouri,817,12,7,51.0242318261304,4.37172120909318
2020-12-16,63390,29219,Warren,Missouri,486,8,4.571428571428571,50.868746074942436,4.784832082299111
2020-12-16,65041,29219,Warren,Missouri,8,0,0.07142857142857142,12.066365007541478,1.077354018530489
2020-12-17,63348,29219,Warren,Missouri,88,2,1,62.4113475177305,7.092198581560284
2020-12-17,63351,29219,Warren,Missouri,35,0,0.2857142857142857,34.04669260700389,2.7793218454697053
2020-12-17,63357,29219,Warren,Missouri,361,2,2.7142857142857144,70.68729195222244,5.314833981370109
2020-12-17,63363,29219,Warren,Missouri,6,0,0,89.55223880597015,0
2020-12-17,63383,29219,Warren,Missouri,826,9,6.928571428571429,51.586310267299524,4.327111809000392
2020-12-17,63390,29219,Warren,Missouri,488,2,4,51.078082478543024,4.186728072011723
2020-12-17,65041,29219,Warren,Missouri,8,0,0.07142857142857142,12.066365007541478,1.077354018530489
2020-12-18,63348,29219,Warren,Missouri,88,0,1,62.4113475177305,7.092198581560284
2020-12-18,63351,29219,Warren,Missouri,31,-4,0,30.155642023346303,0
2020-12-18,63357,29219,Warren,Missouri,363,2,2.7142857142857144,71.07891129821813,5.314833981370109
2020-12-18,63363,29219,Warren,Missouri,6,0,0,89.55223880597015,0
2020-12-18,63383,29219,Warren,Missouri,832,6,6.5,51.96102922807894,4.059455408443667
2020-12-18,63390,29219,Warren,Missouri,491,3,3.642857142857143,51.3920870839439,3.8129130655821046
2020-12-18,65041,29219,Warren,Missouri,8,0,0.07142857142857142,12.066365007541478,1.077354018530489
2020-12-19,63348,29219,Warren,Missouri,88,0,0.8571428571428571,62.4113475177305,6.0790273556231
2020-12-19,63351,29219,Warren,Missouri,31,0,0,30.155642023346303,0
2020-12-19,63357,29219,Warren,Missouri,363,0,2.7142857142857144,71.07891129821813,5.314833981370109
2020-12-19,63363,29219,Warren,Missouri,6,0,0,89.55223880597015,0
2020-12-19,63383,29219,Warren,Missouri,832,0,6.5,51.96102922807894,4.059455408443667
2020-12-19,63390,29219,Warren,Missouri,491,0,3.642857142857143,51.3920870839439,3.8129130655821046
2020-12-19,65041,29219,Warren,Missouri,8,0,0.07142857142857142,12.066365007541478,1.077354018530489
2020-12-20,63348,29219,Warren,Missouri,88,0,0.8571428571428571,62.4113475177305,6.0790273556231
2020-12-20,63351,29219,Warren,Missouri,31,0,-0.07142857142857142,30.155642023346303,-0.6948304613674263
2020-12-20,63357,29219,Warren,Missouri,363,0,2.5,71.07891129821813,4.895241824946152
2020-12-20,63363,29219,Warren,Missouri,6,0,0,89.55223880597015,0
2020-12-20,63383,29219,Warren,Missouri,832,0,5.428571428571429,51.96102922807894,3.390314407051854
2020-12-20,63390,29219,Warren,Missouri,491,0,3.5,51.3920870839439,3.6633870630102576
2020-12-20,65041,29219,Warren,Missouri,8,0,0.07142857142857142,12.066365007541478,1.077354018530489
2020-12-21,63348,29219,Warren,Missouri,92,4,1.1428571428571428,65.2482269503546,8.105369807497466
2020-12-21,63351,29219,Warren,Missouri,37,6,0.35714285714285715,35.992217898832685,3.474152306837132
2020-12-21,63357,29219,Warren,Missouri,377,14,3.5,73.82024672018797,6.853338554924614
2020-12-21,63363,29219,Warren,Missouri,6,0,0,89.55223880597015,0
2020-12-21,63383,29219,Warren,Missouri,859,27,7.357142857142857,53.64726455158631,4.594768209557118
2020-12-21,63390,29219,Warren,Missouri,507,16,4.642857142857143,53.06677831274859,4.8595950835850354
2020-12-21,65041,29219,Warren,Missouri,8,0,0.07142857142857142,12.066365007541478,1.077354018530489
2020-12-22,63348,29219,Warren,Missouri,93,1,1.2142857142857142,65.95744680851064,8.611955420466058
2020-12-22,63351,29219,Warren,Missouri,37,0,0.2857142857142857,35.992217898832685,2.7793218454697053
2020-12-22,63357,29219,Warren,Missouri,379,2,2.857142857142857,74.21186606618367,5.594562085652746
2020-12-22,63363,29219,Warren,Missouri,6,0,0,89.55223880597015,0
2020-12-22,63383,29219,Warren,Missouri,874,15,7.571428571428571,54.58406195353485,4.728596409835481
2020-12-22,63390,29219,Warren,Missouri,511,4,4.5,53.485451119949765,4.710069081013188
2020-12-22,65041,29219,Warren,Missouri,8,0,0.07142857142857142,12.066365007541478,1.077354018530489
2020-12-23,63348,29219,Warren,Missouri,93,0,1,65.95744680851064,7.092198581560284
2020-12-23,63351,29219,Warren,Missouri,37,0,0.2857142857142857,35.992217898832685,2.7793218454697053
2020-12-23,63357,29219,Warren,Missouri,379,0,2.857142857142857,74.21186606618367,5.594562085652746
2020-12-23,63363,29219,Warren,Missouri,6,0,0,89.55223880597015,0
2020-12-23,63383,29219,Warren,Missouri,874,0,7.571428571428571,54.58406195353485,4.728596409835481
2020-12-23,63390,29219,Warren,Missouri,511,0,4.5,53.485451119949765,4.710069081013188
2020-12-23,65041,29219,Warren,Missouri,8,0,0.07142857142857142,12.066365007541478,1.077354018530489
2020-12-24,63348,29219,Warren,Missouri,93,0,1,65.95744680851064,7.092198581560284
2020-12-24,63351,29219,Warren,Missouri,37,0,0.21428571428571427,35.992217898832685,2.0844913841022787
2020-12-24,63357,29219,Warren,Missouri,379,0,2.2142857142857144,74.21186606618367,4.335785616380878
2020-12-24,63363,29219,Warren,Missouri,6,0,0,89.55223880597015,0
2020-12-24,63383,29219,Warren,Missouri,874,0,6.785714285714286,54.58406195353485,4.237893008814817
2020-12-24,63390,29219,Warren,Missouri,511,0,3.7857142857142856,53.485451119949765,3.962439068153952
2020-12-24,65041,29219,Warren,Missouri,8,0,0.07142857142857142,12.066365007541478,1.077354018530489
2020-12-25,63348,29219,Warren,Missouri,93,0,6.642857142857143,65.95744680851064,47.112462006079035
2020-12-25,63351,29219,Warren,Missouri,37,0,0.21428571428571427,35.992217898832685,2.0844913841022787
2020-12-25,63357,29219,Warren,Missouri,379,0,2.2142857142857144,74.21186606618367,4.335785616380878
2020-12-25,63363,29219,Warren,Missouri,6,0,0,89.55223880597015,0
2020-12-25,63383,29219,Warren,Missouri,874,0,6.785714285714286,54.58406195353485,4.237893008814817
2020-12-25,63390,29219,Warren,Missouri,511,0,3.7857142857142856,53.485451119949765,3.962439068153952
2020-12-25,65041,29219,Warren,Missouri,8,0,0.07142857142857142,12.066365007541478,1.077354018530489
2020-12-26,63348,29219,Warren,Missouri,93,0,6.642857142857143,65.95744680851064,47.112462006079035
2020-12-26,63351,29219,Warren,Missouri,37,0,0.21428571428571427,35.992217898832685,2.0844913841022787
2020-12-26,63357,29219,Warren,Missouri,379,0,2.2142857142857144,74.21186606618367,4.335785616380878
2020-12-26,63363,29219,Warren,Missouri,6,0,0,89.55223880597015,0
2020-12-26,63383,29219,Warren,Missouri,874,0,6.785714285714286,54.58406195353485,4.237893008814817
2020-12-26,63390,29219,Warren,Missouri,511,0,3.7857142857142856,53.485451119949765,3.962439068153952
2020-12-26,65041,29219,Warren,Missouri,8,0,0.07142857142857142,12.066365007541478,1.077354018530489
2020-12-27,63348,29219,Warren,Missouri,93,0,6.642857142857143,65.95744680851064,47.112462006079035
2020-12-27,63351,29219,Warren,Missouri,37,0,0.21428571428571427,35.992217898832685,2.0844913841022787
2020-12-27,63357,29219,Warren,Missouri,379,0,2.2142857142857144,74.21186606618367,4.335785616380878
2020-12-27,63363,29219,Warren,Missouri,6,0,0,89.55223880597015,0
2020-12-27,63383,29219,Warren,Missouri,874,0,6.785714285714286,54.58406195353485,4.237893008814817
2020-12-27,63390,29219,Warren,Missouri,511,0,3.7857142857142856,53.485451119949765,3.962439068153952
2020-12-27,65041,29219,Warren,Missouri,8,0,0.07142857142857142,12.066365007541478,1.077354018530489
2020-12-28,63348,29219,Warren,Missouri,96,3,0.7857142857142857,68.08510638297872,5.572441742654508
2020-12-28,63351,29219,Warren,Missouri,37,0,0.14285714285714285,35.992217898832685,1.3896609227348526
2020-12-28,63357,29219,Warren,Missouri,384,5,1.8571428571428572,75.1909144311729,3.636465355674285
2020-12-28,63363,29219,Warren,Missouri,6,0,0,89.55223880597015,0
2020-12-28,63383,29219,Warren,Missouri,863,-11,4.642857142857143,53.897077192105925,2.8996110060311913
2020-12-28,63390,29219,Warren,Missouri,517,6,2.857142857142857,54.11346033075152,2.990520051436945
2020-12-28,65041,29219,Warren,Missouri,8,0,0,12.066365007541478,0
2020-12-29,156,29219,Warren,Missouri,104,NA,NA,NA,NA
2020-12-30,156,29219,Warren,Missouri,104,0,NA,NA,NA
2020-12-31,156,29219,Warren,Missouri,104,0,NA,NA,NA
2021-01-01,156,29219,Warren,Missouri,104,0,NA,NA,NA
2021-01-02,156,29219,Warren,Missouri,104,0,NA,NA,NA
2021-01-03,156,29219,Warren,Missouri,104,0,NA,NA,NA
2021-01-04,156,29219,Warren,Missouri,104,0,NA,NA,NA
2021-01-05,63348,29219,Warren,Missouri,112,16,1.9285714285714286,79.43262411347519,13.677811550151976
2021-01-05,63351,29219,Warren,Missouri,39,2,0.2857142857142857,37.93774319066148,2.7793218454697053
2021-01-05,63357,29219,Warren,Missouri,408,24,3.5714285714285716,79.8903465831212,6.993202607065933
2021-01-05,63363,29219,Warren,Missouri,6,0,0,89.55223880597015,0
2021-01-05,63383,29219,Warren,Missouri,956,93,10.785714285714286,59.70522108418686,6.73601941401092
2021-01-05,63390,29219,Warren,Missouri,569,52,6.5,59.556206824366754,6.80343311701905
2021-01-05,65041,29219,Warren,Missouri,9,1,0.07142857142857142,13.574660633484163,1.077354018530489
2021-01-06,63348,29219,Warren,Missouri,116,4,2.142857142857143,82.26950354609929,15.19756838905775
2021-01-06,63351,29219,Warren,Missouri,40,1,0.35714285714285715,38.91050583657588,3.474152306837132
2021-01-06,63357,29219,Warren,Missouri,415,7,4,81.26101429410613,7.832386919913843
2021-01-06,63363,29219,Warren,Missouri,6,0,0,89.55223880597015,0
2021-01-06,63383,29219,Warren,Missouri,983,27,11.857142857142858,61.39145640769423,7.405160415402734
2021-01-06,63390,29219,Warren,Missouri,588,19,7.285714285714286,61.544902658572326,7.625826131164209
2021-01-06,65041,29219,Warren,Missouri,9,0,0.07142857142857142,13.574660633484163,1.077354018530489
2021-01-07,63348,29219,Warren,Missouri,116,0,2,82.26950354609929,14.184397163120568
2021-01-07,63351,29219,Warren,Missouri,41,1,0.42857142857142855,39.88326848249027,4.1689827682045575
2021-01-07,63357,29219,Warren,Missouri,422,7,4.357142857142857,82.63168200509105,8.531707180620437
2021-01-07,63363,29219,Warren,Missouri,7,1,0.07142857142857142,104.4776119402985,10.660980810234541
2021-01-07,63383,29219,Warren,Missouri,987,4,11.5,61.64126904821384,7.1821134149387955
2021-01-07,63390,29219,Warren,Missouri,597,9,7.785714285714286,62.486916474774965,8.149167140165675
2021-01-07,65041,29219,Warren,Missouri,10,1,0.14285714285714285,15.082956259426847,2.154708037060978
2021-01-08,63348,29219,Warren,Missouri,116,0,2,82.26950354609929,14.184397163120568
2021-01-08,63351,29219,Warren,Missouri,41,0,0.7142857142857143,39.88326848249027,6.948304613674264
2021-01-08,63357,29219,Warren,Missouri,422,0,4.214285714285714,82.63168200509105,8.2519790763378
2021-01-08,63363,29219,Warren,Missouri,7,0,0.07142857142857142,104.4776119402985,10.660980810234541
2021-01-08,63383,29219,Warren,Missouri,987,0,11.071428571428571,61.64126904821384,6.91445701438207
2021-01-08,63390,29219,Warren,Missouri,597,0,7.571428571428571,62.486916474774965,7.924878136307904
2021-01-08,65041,29219,Warren,Missouri,10,0,0.14285714285714285,15.082956259426847,2.154708037060978
2021-01-09,63348,29219,Warren,Missouri,116,0,2,82.26950354609929,14.184397163120568
2021-01-09,63351,29219,Warren,Missouri,41,0,0.7142857142857143,39.88326848249027,6.948304613674264
2021-01-09,63357,29219,Warren,Missouri,422,0,4.214285714285714,82.63168200509105,8.2519790763378
2021-01-09,63363,29219,Warren,Missouri,7,0,0.07142857142857142,104.4776119402985,10.660980810234541
2021-01-09,63383,29219,Warren,Missouri,987,0,11.071428571428571,61.64126904821384,6.91445701438207
2021-01-09,63390,29219,Warren,Missouri,597,0,7.571428571428571,62.486916474774965,7.924878136307904
2021-01-09,65041,29219,Warren,Missouri,10,0,0.14285714285714285,15.082956259426847,2.154708037060978
2021-01-10,63348,29219,Warren,Missouri,118,2,2.142857142857143,83.68794326241134,15.19756838905775
2021-01-10,63351,29219,Warren,Missouri,41,0,0.7142857142857143,39.88326848249027,6.948304613674264
2021-01-10,63357,29219,Warren,Missouri,429,7,4.714285714285714,84.00234971607598,9.231027441327031
2021-01-10,63363,29219,Warren,Missouri,8,1,0.14285714285714285,119.40298507462687,21.321961620469082
2021-01-10,63381,29219,Warren,Missouri,5,5,0.35714285714285715,22.52252252252252,16.08751608751609
2021-01-10,63383,29219,Warren,Missouri,996,9,11.714285714285714,62.20334748938296,7.315941615217159
2021-01-10,63390,29219,Warren,Missouri,606,9,8.214285714285714,63.4289302909776,8.597745147881215
2021-01-10,65041,29219,Warren,Missouri,10,0,0.14285714285714285,15.082956259426847,2.154708037060978
2021-01-11,63348,29219,Warren,Missouri,120,2,2,85.1063829787234,14.184397163120568
2021-01-11,63351,29219,Warren,Missouri,41,0,0.2857142857142857,39.88326848249027,2.7793218454697053
2021-01-11,63357,29219,Warren,Missouri,432,3,3.9285714285714284,84.58977873506952,7.692522867772524
2021-01-11,63363,29219,Warren,Missouri,8,0,0.14285714285714285,119.40298507462687,21.321961620469082
2021-01-11,63381,29219,Warren,Missouri,5,0,0.35714285714285715,22.52252252252252,16.08751608751609
2021-01-11,63383,29219,Warren,Missouri,1004,8,10.357142857142858,62.70297277042218,6.468363013454196
2021-01-11,63390,29219,Warren,Missouri,607,1,7.142857142857143,63.5335984927779,7.476300128592363
2021-01-11,65041,29219,Warren,Missouri,10,0,0.14285714285714285,15.082956259426847,2.154708037060978
2021-01-12,63348,29219,Warren,Missouri,123,3,2.142857142857143,87.23404255319149,15.19756838905775
2021-01-12,63351,29219,Warren,Missouri,41,0,0.2857142857142857,39.88326848249027,2.7793218454697053
2021-01-12,63357,29219,Warren,Missouri,437,5,4.142857142857143,85.56882710005874,8.11211502419648
2021-01-12,63363,29219,Warren,Missouri,8,0,0.14285714285714285,119.40298507462687,21.321961620469082
2021-01-12,63381,29219,Warren,Missouri,5,0,0.35714285714285715,22.52252252252252,16.08751608751609
2021-01-12,63383,29219,Warren,Missouri,1009,5,9.642857142857142,63.01523857107169,6.022269012526319
2021-01-12,63390,29219,Warren,Missouri,623,16,8,65.20828972158259,8.373456144023447
2021-01-12,65041,29219,Warren,Missouri,10,0,0.14285714285714285,15.082956259426847,2.154708037060978
2021-01-13,63348,29219,Warren,Missouri,123,0,2.142857142857143,87.23404255319149,15.19756838905775
2021-01-13,63351,29219,Warren,Missouri,41,0,0.2857142857142857,39.88326848249027,2.7793218454697053
2021-01-13,63357,29219,Warren,Missouri,437,0,4.142857142857143,85.56882710005874,8.11211502419648
2021-01-13,63363,29219,Warren,Missouri,8,0,0.14285714285714285,119.40298507462687,21.321961620469082
2021-01-13,63381,29219,Warren,Missouri,5,0,0.35714285714285715,22.52252252252252,16.08751608751609
2021-01-13,63383,29219,Warren,Missouri,1012,3,9.857142857142858,63.2025980514614,6.156097212804682
2021-01-13,63390,29219,Warren,Missouri,624,1,8.071428571428571,65.31295792338287,8.44821914530937
2021-01-13,65041,29219,Warren,Missouri,10,0,0.14285714285714285,15.082956259426847,2.154708037060978
2021-01-14,63348,29219,Warren,Missouri,124,1,2.2142857142857144,87.94326241134752,15.704154002026344
2021-01-14,63351,29219,Warren,Missouri,41,0,0.2857142857142857,39.88326848249027,2.7793218454697053
2021-01-14,63357,29219,Warren,Missouri,439,2,4.285714285714286,85.96044644605443,8.391843128479119
2021-01-14,63363,29219,Warren,Missouri,8,0,0.14285714285714285,119.40298507462687,21.321961620469082
2021-01-14,63381,29219,Warren,Missouri,5,0,0.35714285714285715,22.52252252252252,16.08751608751609
2021-01-14,63383,29219,Warren,Missouri,1021,9,10.5,63.76467649263053,6.55758181363977
2021-01-14,63390,29219,Warren,Missouri,637,13,9,66.67364454678669,9.420138162026376
2021-01-14,65041,29219,Warren,Missouri,10,0,0.14285714285714285,15.082956259426847,2.154708037060978
2021-01-15,63348,29219,Warren,Missouri,124,0,2.2142857142857144,87.94326241134752,15.704154002026344
2021-01-15,63351,29219,Warren,Missouri,41,0,0.2857142857142857,39.88326848249027,2.7793218454697053
2021-01-15,63357,29219,Warren,Missouri,439,0,4.285714285714286,85.96044644605443,8.391843128479119
2021-01-15,63363,29219,Warren,Missouri,8,0,0.14285714285714285,119.40298507462687,21.321961620469082
2021-01-15,63381,29219,Warren,Missouri,5,0,0.35714285714285715,22.52252252252252,16.08751608751609
2021-01-15,63383,29219,Warren,Missouri,1021,0,10.5,63.76467649263053,6.55758181363977
2021-01-15,63390,29219,Warren,Missouri,637,0,9,66.67364454678669,9.420138162026376
2021-01-15,65041,29219,Warren,Missouri,10,0,0.14285714285714285,15.082956259426847,2.154708037060978
2021-01-16,63348,29219,Warren,Missouri,124,0,2.2142857142857144,87.94326241134752,15.704154002026344
2021-01-16,63351,29219,Warren,Missouri,41,0,0.2857142857142857,39.88326848249027,2.7793218454697053
2021-01-16,63357,29219,Warren,Missouri,439,0,4.285714285714286,85.96044644605443,8.391843128479119
2021-01-16,63363,29219,Warren,Missouri,8,0,0.14285714285714285,119.40298507462687,21.321961620469082
2021-01-16,63381,29219,Warren,Missouri,5,0,0.35714285714285715,22.52252252252252,16.08751608751609
2021-01-16,63383,29219,Warren,Missouri,1021,0,10.5,63.76467649263053,6.55758181363977
2021-01-16,63390,29219,Warren,Missouri,637,0,9,66.67364454678669,9.420138162026376
2021-01-16,65041,29219,Warren,Missouri,10,0,0.14285714285714285,15.082956259426847,2.154708037060978
2021-01-17,63348,29219,Warren,Missouri,124,0,2.2142857142857144,87.94326241134752,15.704154002026344
2021-01-17,63351,29219,Warren,Missouri,41,0,0.2857142857142857,39.88326848249027,2.7793218454697053
2021-01-17,63357,29219,Warren,Missouri,439,0,4.285714285714286,85.96044644605443,8.391843128479119
2021-01-17,63363,29219,Warren,Missouri,8,0,0.14285714285714285,119.40298507462687,21.321961620469082
2021-01-17,63381,29219,Warren,Missouri,5,0,0.35714285714285715,22.52252252252252,16.08751608751609
2021-01-17,63383,29219,Warren,Missouri,1021,0,10.5,63.76467649263053,6.55758181363977
2021-01-17,63390,29219,Warren,Missouri,637,0,9,66.67364454678669,9.420138162026376
2021-01-17,65041,29219,Warren,Missouri,10,0,0.14285714285714285,15.082956259426847,2.154708037060978
2021-01-18,63348,29219,Warren,Missouri,124,0,2,87.94326241134752,14.184397163120568
2021-01-18,63351,29219,Warren,Missouri,41,0,0.2857142857142857,39.88326848249027,2.7793218454697053
2021-01-18,63357,29219,Warren,Missouri,439,0,3.9285714285714284,85.96044644605443,7.692522867772524
2021-01-18,63363,29219,Warren,Missouri,8,0,0.14285714285714285,119.40298507462687,21.321961620469082
2021-01-18,63381,29219,Warren,Missouri,5,0,0.35714285714285715,22.52252252252252,16.08751608751609
2021-01-18,63383,29219,Warren,Missouri,1021,0,11.285714285714286,63.76467649263053,7.048285214660434
2021-01-18,63390,29219,Warren,Missouri,637,0,8.571428571428571,66.67364454678669,8.971560154310835
2021-01-18,65041,29219,Warren,Missouri,10,0,0.14285714285714285,15.082956259426847,2.154708037060978
2021-01-19,63348,29219,Warren,Missouri,131,7,1.3571428571428572,92.90780141843972,9.625126646403242
2021-01-19,63351,29219,Warren,Missouri,42,1,0.21428571428571427,40.85603112840467,2.0844913841022787
2021-01-19,63357,29219,Warren,Missouri,446,7,2.7142857142857144,87.33111415703935,5.314833981370109
2021-01-19,63363,29219,Warren,Missouri,8,0,0.14285714285714285,119.40298507462687,21.321961620469082
2021-01-19,63381,29219,Warren,Missouri,5,0,0.35714285714285715,22.52252252252252,16.08751608751609
2021-01-19,63383,29219,Warren,Missouri,1050,29,6.714285714285714,65.5758181363977,4.19328360872203
2021-01-19,63390,29219,Warren,Missouri,660,23,6.5,69.08101318819342,6.80343311701905
2021-01-19,65041,29219,Warren,Missouri,10,0,0.07142857142857142,15.082956259426847,1.077354018530489
2021-01-20,63348,29219,Warren,Missouri,131,0,1.0714285714285714,92.90780141843972,7.598784194528875
2021-01-20,63351,29219,Warren,Missouri,42,0,0.14285714285714285,40.85603112840467,1.3896609227348526
2021-01-20,63357,29219,Warren,Missouri,446,0,2.2142857142857144,87.33111415703935,4.335785616380878
2021-01-20,63363,29219,Warren,Missouri,8,0,0.14285714285714285,119.40298507462687,21.321961620469082
2021-01-20,63381,29219,Warren,Missouri,5,0,0.35714285714285715,22.52252252252252,16.08751608751609
2021-01-20,63383,29219,Warren,Missouri,1054,4,5.071428571428571,65.82563077691732,3.167267406587916
2021-01-20,63390,29219,Warren,Missouri,661,1,5.214285714285714,69.18568138999372,5.457699093872424
2021-01-20,65041,29219,Warren,Missouri,10,0,0.07142857142857142,15.082956259426847,1.077354018530489
2021-01-21,63348,29219,Warren,Missouri,131,0,1.0714285714285714,92.90780141843972,7.598784194528875
2021-01-21,63351,29219,Warren,Missouri,42,0,0.07142857142857142,40.85603112840467,0.6948304613674263
2021-01-21,63357,29219,Warren,Missouri,446,0,1.7142857142857142,87.33111415703935,3.3567372513916474
2021-01-21,63363,29219,Warren,Missouri,8,0,0.07142857142857142,119.40298507462687,10.660980810234541
2021-01-21,63381,29219,Warren,Missouri,5,0,0.35714285714285715,22.52252252252252,16.08751608751609
2021-01-21,63383,29219,Warren,Missouri,1054,0,4.785714285714286,65.82563077691732,2.9888298062167657
2021-01-21,63390,29219,Warren,Missouri,661,0,4.571428571428571,69.18568138999372,4.784832082299111
2021-01-21,65041,29219,Warren,Missouri,10,0,0,15.082956259426847,0
2021-01-22,63348,29219,Warren,Missouri,132,1,1.1428571428571428,93.61702127659574,8.105369807497466
2021-01-22,63351,29219,Warren,Missouri,42,0,0.07142857142857142,40.85603112840467,0.6948304613674263
2021-01-22,63357,29219,Warren,Missouri,449,3,1.9285714285714286,87.9185431760329,3.776329407815603
2021-01-22,63363,29219,Warren,Missouri,8,0,0.07142857142857142,119.40298507462687,10.660980810234541
2021-01-22,63381,29219,Warren,Missouri,5,0,0.35714285714285715,22.52252252252252,16.08751608751609
2021-01-22,63383,29219,Warren,Missouri,1057,3,5,66.01299025730701,3.122658006495129
2021-01-22,63390,29219,Warren,Missouri,672,11,5.357142857142857,70.33703160979694,5.607225096444271
2021-01-22,65041,29219,Warren,Missouri,10,0,0,15.082956259426847,0
2021-01-23,63348,29219,Warren,Missouri,133,1,1.2142857142857142,94.32624113475177,8.611955420466058
2021-01-23,63351,29219,Warren,Missouri,42,0,0.07142857142857142,40.85603112840467,0.6948304613674263
2021-01-23,63357,29219,Warren,Missouri,451,2,2.0714285714285716,88.31016252202859,4.05605751209824
2021-01-23,63363,29219,Warren,Missouri,8,0,0.07142857142857142,119.40298507462687,10.660980810234541
2021-01-23,63381,29219,Warren,Missouri,5,0,0.35714285714285715,22.52252252252252,16.08751608751609
2021-01-23,63383,29219,Warren,Missouri,1064,7,5.5,66.45016237821633,3.4349238071446417
2021-01-23,63390,29219,Warren,Missouri,679,7,5.857142857142857,71.069709022399,6.1305661054457365
2021-01-23,65041,29219,Warren,Missouri,10,0,0,15.082956259426847,0
2021-01-24,63348,29219,Warren,Missouri,133,0,1.0714285714285714,94.32624113475177,7.598784194528875
2021-01-24,63351,29219,Warren,Missouri,42,0,0.07142857142857142,40.85603112840467,0.6948304613674263
2021-01-24,63357,29219,Warren,Missouri,451,0,1.5714285714285714,88.31016252202859,3.0770091471090097
2021-01-24,63363,29219,Warren,Missouri,8,0,0,119.40298507462687,0
2021-01-24,63381,29219,Warren,Missouri,5,0,0,22.52252252252252,0
2021-01-24,63383,29219,Warren,Missouri,1064,0,4.857142857142857,66.45016237821633,3.0334392063095534
2021-01-24,63390,29219,Warren,Missouri,679,0,5.214285714285714,71.069709022399,5.457699093872424
2021-01-24,65041,29219,Warren,Missouri,10,0,0,15.082956259426847,0
2021-01-25,63348,29219,Warren,Missouri,133,0,0.9285714285714286,94.32624113475177,6.5856129685916915
2021-01-25,63351,29219,Warren,Missouri,42,0,0.07142857142857142,40.85603112840467,0.6948304613674263
2021-01-25,63357,29219,Warren,Missouri,454,3,1.5714285714285714,88.89759154102212,3.0770091471090097
2021-01-25,63363,29219,Warren,Missouri,8,0,0,119.40298507462687,0
2021-01-25,63381,29219,Warren,Missouri,5,0,0,22.52252252252252,0
2021-01-25,63383,29219,Warren,Missouri,1066,2,4.428571428571429,66.57506869847614,2.765782805752828
2021-01-25,63390,29219,Warren,Missouri,682,3,5.357142857142857,71.38371362779986,5.607225096444271
2021-01-25,65041,29219,Warren,Missouri,10,0,0,15.082956259426847,0
2021-01-26,63348,29219,Warren,Missouri,134,1,0.7857142857142857,95.0354609929078,5.572441742654508
2021-01-26,63351,29219,Warren,Missouri,42,0,0.07142857142857142,40.85603112840467,0.6948304613674263
2021-01-26,63357,29219,Warren,Missouri,456,2,1.3571428571428572,89.28921088701782,2.6574169906850544
2021-01-26,63363,29219,Warren,Missouri,8,0,0,119.40298507462687,0
2021-01-26,63381,29219,Warren,Missouri,5,0,0,22.52252252252252,0
2021-01-26,63383,29219,Warren,Missouri,1076,10,4.785714285714286,67.19960029977517,2.9888298062167657
2021-01-26,63390,29219,Warren,Missouri,690,8,4.785714285714286,72.22105924220222,5.009121086156882
2021-01-26,65041,29219,Warren,Missouri,10,0,0,15.082956259426847,0
2021-01-27,63348,29219,Warren,Missouri,134,0,0.7857142857142857,95.0354609929078,5.572441742654508
2021-01-27,63351,29219,Warren,Missouri,42,0,0.07142857142857142,40.85603112840467,0.6948304613674263
2021-01-27,63357,29219,Warren,Missouri,456,0,1.3571428571428572,89.28921088701782,2.6574169906850544
2021-01-27,63363,29219,Warren,Missouri,8,0,0,119.40298507462687,0
2021-01-27,63381,29219,Warren,Missouri,5,0,0,22.52252252252252,0
2021-01-27,63383,29219,Warren,Missouri,1099,23,6.214285714285714,68.63602298276294,3.8810178080725173
2021-01-27,63390,29219,Warren,Missouri,702,12,5.571428571428571,73.47707766380573,5.831514100302042
2021-01-27,65041,29219,Warren,Missouri,10,0,0,15.082956259426847,0
2021-01-28,63348,29219,Warren,Missouri,134,0,0.7142857142857143,95.0354609929078,5.065856129685917
2021-01-28,63351,29219,Warren,Missouri,42,0,0.07142857142857142,40.85603112840467,0.6948304613674263
2021-01-28,63357,29219,Warren,Missouri,461,5,1.5714285714285714,90.26825925200704,3.0770091471090097
2021-01-28,63363,29219,Warren,Missouri,8,0,0,119.40298507462687,0
2021-01-28,63381,29219,Warren,Missouri,5,0,0,22.52252252252252,0
2021-01-28,63383,29219,Warren,Missouri,1107,8,6.142857142857143,69.13564826380215,3.83640840797973
2021-01-28,63390,29219,Warren,Missouri,703,1,4.714285714285714,73.58174586560604,4.93435808487096
2021-01-28,65041,29219,Warren,Missouri,10,0,0,15.082956259426847,0
2021-01-29,63348,29219,Warren,Missouri,134,0,0.7142857142857143,95.0354609929078,5.065856129685917
2021-01-29,63351,29219,Warren,Missouri,42,0,0.07142857142857142,40.85603112840467,0.6948304613674263
2021-01-29,63357,29219,Warren,Missouri,461,0,1.5714285714285714,90.26825925200704,3.0770091471090097
2021-01-29,63363,29219,Warren,Missouri,8,0,0,119.40298507462687,0
2021-01-29,63381,29219,Warren,Missouri,5,0,0,22.52252252252252,0
2021-01-29,63383,29219,Warren,Missouri,1107,0,6.142857142857143,69.13564826380215,3.83640840797973
2021-01-29,63390,29219,Warren,Missouri,703,0,4.714285714285714,73.58174586560604,4.93435808487096
2021-01-29,65041,29219,Warren,Missouri,10,0,0,15.082956259426847,0
2021-01-30,63348,29219,Warren,Missouri,134,0,0.7142857142857143,95.0354609929078,5.065856129685917
2021-01-30,63351,29219,Warren,Missouri,42,0,0.07142857142857142,40.85603112840467,0.6948304613674263
2021-01-30,63357,29219,Warren,Missouri,461,0,1.5714285714285714,90.26825925200704,3.0770091471090097
2021-01-30,63363,29219,Warren,Missouri,8,0,0,119.40298507462687,0
2021-01-30,63381,29219,Warren,Missouri,5,0,0,22.52252252252252,0
2021-01-30,63383,29219,Warren,Missouri,1107,0,6.142857142857143,69.13564826380215,3.83640840797973
2021-01-30,63390,29219,Warren,Missouri,703,0,4.714285714285714,73.58174586560604,4.93435808487096
2021-01-30,65041,29219,Warren,Missouri,10,0,0,15.082956259426847,0
2021-01-31,63348,29219,Warren,Missouri,134,0,0.7142857142857143,95.0354609929078,5.065856129685917
2021-01-31,63351,29219,Warren,Missouri,42,0,0.07142857142857142,40.85603112840467,0.6948304613674263
2021-01-31,63357,29219,Warren,Missouri,461,0,1.5714285714285714,90.26825925200704,3.0770091471090097
2021-01-31,63363,29219,Warren,Missouri,8,0,0,119.40298507462687,0
2021-01-31,63381,29219,Warren,Missouri,5,0,0,22.52252252252252,0
2021-01-31,63383,29219,Warren,Missouri,1107,0,6.142857142857143,69.13564826380215,3.83640840797973
2021-01-31,63390,29219,Warren,Missouri,703,0,4.714285714285714,73.58174586560604,4.93435808487096
2021-01-31,65041,29219,Warren,Missouri,10,0,0,15.082956259426847,0
2021-02-01,63348,29219,Warren,Missouri,135,1,0.7857142857142857,95.74468085106383,5.572441742654508
2021-02-01,63351,29219,Warren,Missouri,42,0,0.07142857142857142,40.85603112840467,0.6948304613674263
2021-02-01,63357,29219,Warren,Missouri,461,0,1.5714285714285714,90.26825925200704,3.0770091471090097
2021-02-01,63363,29219,Warren,Missouri,8,0,0,119.40298507462687,0
2021-02-01,63381,29219,Warren,Missouri,5,0,0,22.52252252252252,0
2021-02-01,63383,29219,Warren,Missouri,1123,16,7.285714285714286,70.13489882588058,4.55015880946433
2021-02-01,63390,29219,Warren,Missouri,709,6,5.142857142857143,74.20975507640779,5.382936092586502
2021-02-01,65041,29219,Warren,Missouri,10,0,0,15.082956259426847,0
2021-02-02,63348,29219,Warren,Missouri,138,3,0.5,97.87234042553192,3.546099290780142
2021-02-02,63351,29219,Warren,Missouri,42,0,0,40.85603112840467,0
2021-02-02,63357,29219,Warren,Missouri,464,3,1.2857142857142858,90.85568827100059,2.5175529385437354
2021-02-02,63363,29219,Warren,Missouri,8,0,0,119.40298507462687,0
2021-02-02,63381,29219,Warren,Missouri,5,0,0,22.52252252252252,0
2021-02-02,63383,29219,Warren,Missouri,1129,6,5.642857142857143,70.50961778666002,3.524142607330217
2021-02-02,63390,29219,Warren,Missouri,713,4,3.7857142857142856,74.62842788360896,3.962439068153952
2021-02-02,65041,29219,Warren,Missouri,10,0,0,15.082956259426847,0
2021-02-03,63348,29219,Warren,Missouri,138,0,0.5,97.87234042553192,3.546099290780142
2021-02-03,63351,29219,Warren,Missouri,42,0,0,40.85603112840467,0
2021-02-03,63357,29219,Warren,Missouri,465,1,1.3571428571428572,91.05149794399843,2.6574169906850544
2021-02-03,63363,29219,Warren,Missouri,8,0,0,119.40298507462687,0
2021-02-03,63381,29219,Warren,Missouri,5,0,0,22.52252252252252,0
2021-02-03,63383,29219,Warren,Missouri,1137,8,5.928571428571429,71.00924306769922,3.702580207701367
2021-02-03,63390,29219,Warren,Missouri,722,9,4.357142857142857,75.5704416998116,4.5605430784413405
2021-02-03,65041,29219,Warren,Missouri,10,0,0,15.082956259426847,0
2021-02-04,63348,29219,Warren,Missouri,138,0,0.5,97.87234042553192,3.546099290780142
2021-02-04,63351,29219,Warren,Missouri,42,0,0,40.85603112840467,0
2021-02-04,63357,29219,Warren,Missouri,465,0,1.3571428571428572,91.05149794399843,2.6574169906850544
2021-02-04,63363,29219,Warren,Missouri,8,0,0,119.40298507462687,0
2021-02-04,63381,29219,Warren,Missouri,5,0,0,22.52252252252252,0
2021-02-04,63383,29219,Warren,Missouri,1137,0,5.928571428571429,71.00924306769922,3.702580207701367
2021-02-04,63390,29219,Warren,Missouri,722,0,4.357142857142857,75.5704416998116,4.5605430784413405
2021-02-04,65041,29219,Warren,Missouri,10,0,0,15.082956259426847,0
2021-02-05,63348,29219,Warren,Missouri,139,1,0.5,98.58156028368795,3.546099290780142
2021-02-05,63351,29219,Warren,Missouri,42,0,0,40.85603112840467,0
2021-02-05,63357,29219,Warren,Missouri,468,3,1.3571428571428572,91.63892696299197,2.6574169906850544
2021-02-05,63363,29219,Warren,Missouri,8,0,0,119.40298507462687,0
2021-02-05,63381,29219,Warren,Missouri,5,0,0,22.52252252252252,0
2021-02-05,63383,29219,Warren,Missouri,1140,3,5.928571428571429,71.19660254808893,3.702580207701367
2021-02-05,63390,29219,Warren,Missouri,727,5,3.9285714285714284,76.09378270881307,4.111965070725799
2021-02-05,65041,29219,Warren,Missouri,10,0,0,15.082956259426847,0
2021-02-06,63348,29219,Warren,Missouri,139,0,0.42857142857142855,98.58156028368795,3.03951367781155
2021-02-06,63351,29219,Warren,Missouri,42,0,0,40.85603112840467,0
2021-02-06,63357,29219,Warren,Missouri,468,0,1.2142857142857142,91.63892696299197,2.377688886402417
2021-02-06,63363,29219,Warren,Missouri,8,0,0,119.40298507462687,0
2021-02-06,63381,29219,Warren,Missouri,5,0,0,22.52252252252252,0
2021-02-06,63383,29219,Warren,Missouri,1145,5,5.785714285714286,71.50886834873845,3.6133614075157916
2021-02-06,63390,29219,Warren,Missouri,730,3,3.642857142857143,76.40778731421393,3.8129130655821046
2021-02-06,65041,29219,Warren,Missouri,10,0,0,15.082956259426847,0
2021-02-07,63348,29219,Warren,Missouri,139,0,0.42857142857142855,98.58156028368795,3.03951367781155
2021-02-07,63351,29219,Warren,Missouri,42,0,0,40.85603112840467,0
2021-02-07,63357,29219,Warren,Missouri,468,0,1.2142857142857142,91.63892696299197,2.377688886402417
2021-02-07,63363,29219,Warren,Missouri,8,0,0,119.40298507462687,0
2021-02-07,63381,29219,Warren,Missouri,5,0,0,22.52252252252252,0
2021-02-07,63383,29219,Warren,Missouri,1145,0,5.785714285714286,71.50886834873845,3.6133614075157916
2021-02-07,63390,29219,Warren,Missouri,730,0,3.642857142857143,76.40778731421393,3.8129130655821046
2021-02-07,65041,29219,Warren,Missouri,10,0,0,15.082956259426847,0
2021-02-08,63348,29219,Warren,Missouri,139,0,0.42857142857142855,98.58156028368795,3.03951367781155
2021-02-08,63351,29219,Warren,Missouri,42,0,0,40.85603112840467,0
2021-02-08,63357,29219,Warren,Missouri,470,2,1.1428571428571428,92.03054630898765,2.2378248342610982
2021-02-08,63363,29219,Warren,Missouri,8,0,0,119.40298507462687,0
2021-02-08,63381,29219,Warren,Missouri,5,0,0,22.52252252252252,0
2021-02-08,63383,29219,Warren,Missouri,1149,4,5.928571428571429,71.75868098925805,3.702580207701367
2021-02-08,63390,29219,Warren,Missouri,734,4,3.7142857142857144,76.82646012141511,3.8876760668680284
2021-02-08,65041,29219,Warren,Missouri,10,0,0,15.082956259426847,0
2021-02-09,63348,29219,Warren,Missouri,139,0,0.35714285714285715,98.58156028368795,2.5329280648429586
2021-02-09,63351,29219,Warren,Missouri,42,0,0,40.85603112840467,0
2021-02-09,63357,29219,Warren,Missouri,472,2,1.1428571428571428,92.42216565498336,2.2378248342610982
2021-02-09,63363,29219,Warren,Missouri,8,0,0,119.40298507462687,0
2021-02-09,63381,29219,Warren,Missouri,5,0,0,22.52252252252252,0
2021-02-09,63383,29219,Warren,Missouri,1156,7,5.714285714285714,72.19585311016738,3.5687520074230044
2021-02-09,63390,29219,Warren,Missouri,740,6,3.5714285714285716,77.45446933221687,3.7381500642961814
2021-02-09,65041,29219,Warren,Missouri,10,0,0,15.082956259426847,0
2021-02-10,63348,29219,Warren,Missouri,139,0,0.35714285714285715,98.58156028368795,2.5329280648429586
2021-02-10,63351,29219,Warren,Missouri,42,0,0,40.85603112840467,0
2021-02-10,63357,29219,Warren,Missouri,474,2,1.2857142857142858,92.81378500097905,2.5175529385437354
2021-02-10,63363,29219,Warren,Missouri,8,0,0,119.40298507462687,0
2021-02-10,63381,29219,Warren,Missouri,5,0,0,22.52252252252252,0
2021-02-10,63383,29219,Warren,Missouri,1159,3,4.285714285714286,72.38321259055708,2.676564005567253
2021-02-10,63390,29219,Warren,Missouri,746,6,3.142857142857143,78.08247854301862,3.2895720565806394
2021-02-10,65041,29219,Warren,Missouri,10,0,0,15.082956259426847,0
