report_date,zip,region,state,cases,case_rate
2020-12-14,64014,Kansas City Metro,Missouri,1393,55.39207889295371
2020-12-15,64014,Kansas City Metro,Missouri,1411,56.10784157785907
2020-12-16,64014,Kansas City Metro,Missouri,1427,56.74407507555273
2020-12-17,64014,Kansas City Metro,Missouri,1427,56.74407507555273
2020-12-18,64014,Kansas City Metro,Missouri,1456,57.89724829012248
2020-12-19,64014,Kansas City Metro,Missouri,1456,57.89724829012248
2020-12-20,64014,Kansas City Metro,Missouri,1456,57.89724829012248
2020-12-21,64014,Kansas City Metro,Missouri,1482,58.93112772387466
2020-12-14,64015,Kansas City Metro,Missouri,1559,49.93753803773343
2020-12-15,64015,Kansas City Metro,Missouri,1571,50.32191934398924
2020-12-16,64015,Kansas City Metro,Missouri,1582,50.67426887472372
2020-12-17,64015,Kansas City Metro,Missouri,1582,50.67426887472372
2020-12-18,64015,Kansas City Metro,Missouri,1603,51.34693616067139
2020-12-19,64015,Kansas City Metro,Missouri,1603,51.34693616067139
2020-12-20,64015,Kansas City Metro,Missouri,1603,51.34693616067139
2020-12-21,64015,Kansas City Metro,Missouri,1640,52.53211185496012
2020-12-14,64016,Kansas City Metro,Missouri,146,30.416666666666668
2020-12-15,64016,Kansas City Metro,Missouri,153,31.875
2020-12-16,64016,Kansas City Metro,Missouri,155,32.29166666666667
2020-12-17,64016,Kansas City Metro,Missouri,155,32.29166666666667
2020-12-18,64016,Kansas City Metro,Missouri,163,33.958333333333336
2020-12-19,64016,Kansas City Metro,Missouri,163,33.958333333333336
2020-12-20,64016,Kansas City Metro,Missouri,163,33.958333333333336
2020-12-21,64016,Kansas City Metro,Missouri,173,36.041666666666664
2020-12-14,64018,Kansas City Metro,Missouri,32,34.97267759562842
2020-12-15,64018,Kansas City Metro,Missouri,32,34.97267759562842
2020-12-16,64018,Kansas City Metro,Missouri,32,34.97267759562842
2020-12-17,64018,Kansas City Metro,Missouri,32,34.97267759562842
2020-12-18,64018,Kansas City Metro,Missouri,32,34.97267759562842
2020-12-19,64018,Kansas City Metro,Missouri,32,34.97267759562842
2020-12-20,64018,Kansas City Metro,Missouri,32,34.97267759562842
2020-12-21,64018,Kansas City Metro,Missouri,33,36.0655737704918
2020-12-14,64024,Kansas City Metro,Missouri,694,63.9724922288962
2020-12-15,64024,Kansas City Metro,Missouri,708,65.26300359950794
2020-12-16,64024,Kansas City Metro,Missouri,738,68.02838510796167
2020-12-17,64024,Kansas City Metro,Missouri,746,68.76582017688267
2020-12-18,64024,Kansas City Metro,Missouri,753,69.41107586218853
2020-12-19,64024,Kansas City Metro,Missouri,753,69.41107586218853
2020-12-20,64024,Kansas City Metro,Missouri,753,69.41107586218853
2020-12-21,64024,Kansas City Metro,Missouri,763,70.33286969833976
2020-12-14,64029,Kansas City Metro,Missouri,914,51.4378974618718
2020-12-15,64029,Kansas City Metro,Missouri,925,52.0569531206033
2020-12-16,64029,Kansas City Metro,Missouri,933,52.50717541786257
2020-12-17,64029,Kansas City Metro,Missouri,933,52.50717541786257
2020-12-18,64029,Kansas City Metro,Missouri,949,53.407620012381116
2020-12-19,64029,Kansas City Metro,Missouri,949,53.407620012381116
2020-12-20,64029,Kansas City Metro,Missouri,949,53.407620012381116
2020-12-21,64029,Kansas City Metro,Missouri,978,55.03967583994597
2020-12-14,64030,Kansas City Metro,Missouri,1387,55.14910536779324
2020-12-15,64030,Kansas City Metro,Missouri,1393,55.38767395626243
2020-12-16,64030,Kansas City Metro,Missouri,1408,55.98409542743539
2020-12-17,64030,Kansas City Metro,Missouri,1408,55.98409542743539
2020-12-18,64030,Kansas City Metro,Missouri,1427,56.739562624254475
2020-12-19,64030,Kansas City Metro,Missouri,1427,56.739562624254475
2020-12-20,64030,Kansas City Metro,Missouri,1427,56.739562624254475
2020-12-21,64030,Kansas City Metro,Missouri,1468,58.36978131212724
2020-12-14,64034,Kansas City Metro,Missouri,326,43.77113947540619
2020-12-15,64034,Kansas City Metro,Missouri,329,44.17394137241912
2020-12-16,64034,Kansas City Metro,Missouri,332,44.57674326943207
2020-12-17,64034,Kansas City Metro,Missouri,332,44.57674326943207
2020-12-18,64034,Kansas City Metro,Missouri,339,45.51661436246226
2020-12-19,64034,Kansas City Metro,Missouri,339,45.51661436246226
2020-12-20,64034,Kansas City Metro,Missouri,339,45.51661436246226
2020-12-21,64034,Kansas City Metro,Missouri,346,46.456485455492455
2020-12-14,64048,Kansas City Metro,Missouri,122,45.71864124582917
2020-12-15,64048,Kansas City Metro,Missouri,122,45.71864124582917
2020-12-16,64048,Kansas City Metro,Missouri,125,46.84287012892332
2020-12-17,64048,Kansas City Metro,Missouri,125,46.84287012892332
2020-12-18,64048,Kansas City Metro,Missouri,127,47.5923560509861
2020-12-19,64048,Kansas City Metro,Missouri,127,47.5923560509861
2020-12-20,64048,Kansas City Metro,Missouri,127,47.5923560509861
2020-12-21,64048,Kansas City Metro,Missouri,128,47.96709901201749
2020-12-14,64050,Kansas City Metro,Missouri,1067,46.93617208463467
2020-12-15,64050,Kansas City Metro,Missouri,1073,47.200105573395504
2020-12-16,64050,Kansas City Metro,Missouri,1088,47.85993929529758
2020-12-17,64050,Kansas City Metro,Missouri,1088,47.85993929529758
2020-12-18,64050,Kansas City Metro,Missouri,1102,48.475784102406195
2020-12-19,64050,Kansas City Metro,Missouri,1102,48.475784102406195
2020-12-20,64050,Kansas City Metro,Missouri,1102,48.475784102406195
2020-12-21,64050,Kansas City Metro,Missouri,1120,49.26758456868869
2020-12-14,64052,Kansas City Metro,Missouri,1001,49.31763314775583
2020-12-15,64052,Kansas City Metro,Missouri,1012,49.85958516036853
2020-12-16,64052,Kansas City Metro,Missouri,1023,50.40153717298123
2020-12-17,64052,Kansas City Metro,Missouri,1023,50.40153717298123
2020-12-18,64052,Kansas City Metro,Missouri,1042,51.33763610385771
2020-12-19,64052,Kansas City Metro,Missouri,1042,51.33763610385771
2020-12-20,64052,Kansas City Metro,Missouri,1042,51.33763610385771
2020-12-21,64052,Kansas City Metro,Missouri,1070,52.71715031778095
2020-12-14,64053,Kansas City Metro,Missouri,264,48.342794360007325
2020-12-15,64053,Kansas City Metro,Missouri,268,49.075260941219554
2020-12-16,64053,Kansas City Metro,Missouri,268,49.075260941219554
2020-12-17,64053,Kansas City Metro,Missouri,268,49.075260941219554
2020-12-18,64053,Kansas City Metro,Missouri,272,49.80772752243179
2020-12-19,64053,Kansas City Metro,Missouri,272,49.80772752243179
2020-12-20,64053,Kansas City Metro,Missouri,272,49.80772752243179
2020-12-21,64053,Kansas City Metro,Missouri,276,50.54019410364402
2020-12-14,64054,Kansas City Metro,Missouri,155,44.758879584175574
2020-12-15,64054,Kansas City Metro,Missouri,155,44.758879584175574
2020-12-16,64054,Kansas City Metro,Missouri,155,44.758879584175574
2020-12-17,64054,Kansas City Metro,Missouri,155,44.758879584175574
2020-12-18,64054,Kansas City Metro,Missouri,157,45.336413514293966
2020-12-19,64054,Kansas City Metro,Missouri,157,45.336413514293966
2020-12-20,64054,Kansas City Metro,Missouri,157,45.336413514293966
2020-12-21,64054,Kansas City Metro,Missouri,165,47.64654923476754
2020-12-14,64055,Kansas City Metro,Missouri,1690,50.24826807005025
2020-12-15,64055,Kansas City Metro,Missouri,1695,50.396931585050396
2020-12-16,64055,Kansas City Metro,Missouri,1713,50.93212023905093
2020-12-17,64055,Kansas City Metro,Missouri,1713,50.93212023905093
2020-12-18,64055,Kansas City Metro,Missouri,1758,52.27009187405227
2020-12-19,64055,Kansas City Metro,Missouri,1758,52.27009187405227
2020-12-20,64055,Kansas City Metro,Missouri,1758,52.27009187405227
2020-12-21,64055,Kansas City Metro,Missouri,1790,53.221538370053224
2020-12-14,64056,Kansas City Metro,Missouri,797,47.22683100260725
2020-12-15,64056,Kansas City Metro,Missouri,803,47.58236548945248
2020-12-16,64056,Kansas City Metro,Missouri,812,48.115667219720315
2020-12-17,64056,Kansas City Metro,Missouri,812,48.115667219720315
2020-12-18,64056,Kansas City Metro,Missouri,822,48.708224697795686
2020-12-19,64056,Kansas City Metro,Missouri,822,48.708224697795686
2020-12-20,64056,Kansas City Metro,Missouri,822,48.708224697795686
2020-12-21,64056,Kansas City Metro,Missouri,836,49.53780516710121
2020-12-14,64057,Kansas City Metro,Missouri,888,61.512884455527846
2020-12-15,64057,Kansas City Metro,Missouri,892,61.789969520642835
2020-12-16,64057,Kansas City Metro,Missouri,899,62.27486838459407
2020-12-17,64057,Kansas City Metro,Missouri,899,62.27486838459407
2020-12-18,64057,Kansas City Metro,Missouri,916,63.45247991133278
2020-12-19,64057,Kansas City Metro,Missouri,916,63.45247991133278
2020-12-20,64057,Kansas City Metro,Missouri,916,63.45247991133278
2020-12-21,64057,Kansas City Metro,Missouri,926,64.14519257412026
2020-12-14,64058,Kansas City Metro,Missouri,343,48.02576328365926
2020-12-15,64058,Kansas City Metro,Missouri,346,48.445813691388054
2020-12-16,64058,Kansas City Metro,Missouri,350,49.00588090169312
2020-12-17,64058,Kansas City Metro,Missouri,350,49.00588090169312
2020-12-18,64058,Kansas City Metro,Missouri,360,50.40604892745578
2020-12-19,64058,Kansas City Metro,Missouri,360,50.40604892745578
2020-12-20,64058,Kansas City Metro,Missouri,360,50.40604892745578
2020-12-21,64058,Kansas City Metro,Missouri,370,51.806216953218446
2020-12-14,64060,Kansas City Metro,Missouri,920,64.08023969436313
2020-12-15,64060,Kansas City Metro,Missouri,929,64.70711160441668
2020-12-16,64060,Kansas City Metro,Missouri,970,67.56286141688287
2020-12-17,64060,Kansas City Metro,Missouri,979,68.18973332693642
2020-12-18,64060,Kansas City Metro,Missouri,993,69.16486740924195
2020-12-19,64060,Kansas City Metro,Missouri,993,69.16486740924195
2020-12-20,64060,Kansas City Metro,Missouri,993,69.16486740924195
2020-12-21,64060,Kansas City Metro,Missouri,1009,70.27930636044827
2020-12-14,64062,Kansas City Metro,Missouri,25,30.05527123622234
2020-12-15,64062,Kansas City Metro,Missouri,26,31.25748208567123
2020-12-16,64062,Kansas City Metro,Missouri,30,36.066325483466805
2020-12-17,64062,Kansas City Metro,Missouri,32,38.4707471823646
2020-12-18,64062,Kansas City Metro,Missouri,33,39.67295803181349
2020-12-19,64062,Kansas City Metro,Missouri,33,39.67295803181349
2020-12-20,64062,Kansas City Metro,Missouri,33,39.67295803181349
2020-12-21,64062,Kansas City Metro,Missouri,34,40.875168881262375
2020-12-14,64063,Kansas City Metro,Missouri,882,42.62928951184147
2020-12-15,64063,Kansas City Metro,Missouri,886,42.82261962300628
2020-12-16,64063,Kansas City Metro,Missouri,892,43.11261478975351
2020-12-17,64063,Kansas City Metro,Missouri,892,43.11261478975351
2020-12-18,64063,Kansas City Metro,Missouri,909,43.934267762203966
2020-12-19,64063,Kansas City Metro,Missouri,909,43.934267762203966
2020-12-20,64063,Kansas City Metro,Missouri,909,43.934267762203966
2020-12-21,64063,Kansas City Metro,Missouri,946,45.72257129047849
2020-12-14,64064,Kansas City Metro,Missouri,1068,60.06411337944997
2020-12-15,64064,Kansas City Metro,Missouri,1084,60.96395028401103
2020-12-16,64064,Kansas City Metro,Missouri,1090,61.30138912322142
2020-12-17,64064,Kansas City Metro,Missouri,1090,61.30138912322142
2020-12-18,64064,Kansas City Metro,Missouri,1104,62.08874641471233
2020-12-19,64064,Kansas City Metro,Missouri,1104,62.08874641471233
2020-12-20,64064,Kansas City Metro,Missouri,1104,62.08874641471233
2020-12-21,64064,Kansas City Metro,Missouri,1123,63.157302738878585
2020-12-14,64065,Kansas City Metro,Missouri,NA,NA
2020-12-15,64065,Kansas City Metro,Missouri,NA,NA
2020-12-16,64065,Kansas City Metro,Missouri,NA,NA
2020-12-17,64065,Kansas City Metro,Missouri,NA,NA
2020-12-18,64065,Kansas City Metro,Missouri,NA,NA
2020-12-19,64065,Kansas City Metro,Missouri,NA,NA
2020-12-20,64065,Kansas City Metro,Missouri,NA,NA
2020-12-21,64065,Kansas City Metro,Missouri,NA,NA
2020-12-14,64066,Kansas City Metro,Missouri,8,210.5263157894766
2020-12-15,64066,Kansas City Metro,Missouri,8,210.5263157894766
2020-12-16,64066,Kansas City Metro,Missouri,8,210.5263157894766
2020-12-17,64066,Kansas City Metro,Missouri,8,210.5263157894766
2020-12-18,64066,Kansas City Metro,Missouri,8,210.5263157894766
2020-12-19,64066,Kansas City Metro,Missouri,8,210.5263157894766
2020-12-20,64066,Kansas City Metro,Missouri,8,210.5263157894766
2020-12-21,64066,Kansas City Metro,Missouri,8,210.5263157894766
2020-12-14,64068,Kansas City Metro,Missouri,2083,54.18975519654518
2020-12-15,64068,Kansas City Metro,Missouri,2094,54.47592289081402
2020-12-16,64068,Kansas City Metro,Missouri,2143,55.750669892557035
2020-12-17,64068,Kansas City Metro,Missouri,2162,56.244959546294126
2020-12-18,64068,Kansas City Metro,Missouri,2180,56.71323395509769
2020-12-19,64068,Kansas City Metro,Missouri,2180,56.71323395509769
2020-12-20,64068,Kansas City Metro,Missouri,2180,56.71323395509769
2020-12-21,64068,Kansas City Metro,Missouri,2240,58.274148651109556
2020-12-14,64070,Kansas City Metro,Missouri,145,51.404154899773154
2020-12-15,64070,Kansas City Metro,Missouri,146,51.758666312875036
2020-12-16,64070,Kansas City Metro,Missouri,147,52.11317772597692
2020-12-17,64070,Kansas City Metro,Missouri,147,52.11317772597692
2020-12-18,64070,Kansas City Metro,Missouri,148,52.4676891390788
2020-12-19,64070,Kansas City Metro,Missouri,148,52.4676891390788
2020-12-20,64070,Kansas City Metro,Missouri,148,52.4676891390788
2020-12-21,64070,Kansas City Metro,Missouri,150,53.17671196528257
2020-12-14,64075,Kansas City Metro,Missouri,507,44.935863868507546
2020-12-15,64075,Kansas City Metro,Missouri,512,45.379018344528326
2020-12-16,64075,Kansas City Metro,Missouri,512,45.379018344528326
2020-12-17,64075,Kansas City Metro,Missouri,512,45.379018344528326
2020-12-18,64075,Kansas City Metro,Missouri,521,46.176696401365746
2020-12-19,64075,Kansas City Metro,Missouri,521,46.176696401365746
2020-12-20,64075,Kansas City Metro,Missouri,521,46.176696401365746
2020-12-21,64075,Kansas City Metro,Missouri,536,47.50615982942809
2020-12-14,64079,Kansas City Metro,Missouri,620,42.80289959563846
2020-12-15,64079,Kansas City Metro,Missouri,629,43.424232009123536
2020-12-16,64079,Kansas City Metro,Missouri,638,44.045564422608614
2020-12-17,64079,Kansas City Metro,Missouri,638,44.045564422608614
2020-12-18,64079,Kansas City Metro,Missouri,647,44.666896836093684
2020-12-19,64079,Kansas City Metro,Missouri,656,45.28822924957876
2020-12-20,64079,Kansas City Metro,Missouri,656,45.28822924957876
2020-12-21,64079,Kansas City Metro,Missouri,678,46.807041815875614
2020-12-14,64081,Kansas City Metro,Missouri,1256,52.14214546662239
2020-12-15,64081,Kansas City Metro,Missouri,1258,52.225174360677514
2020-12-16,64081,Kansas City Metro,Missouri,1262,52.39123214878778
2020-12-17,64081,Kansas City Metro,Missouri,1262,52.39123214878778
2020-12-18,64081,Kansas City Metro,Missouri,1277,53.01394885420126
2020-12-19,64081,Kansas City Metro,Missouri,1277,53.01394885420126
2020-12-20,64081,Kansas City Metro,Missouri,1277,53.01394885420126
2020-12-21,64081,Kansas City Metro,Missouri,1294,53.71969445366988
2020-12-14,64082,Kansas City Metro,Missouri,769,52.77076184940573
2020-12-15,64082,Kansas City Metro,Missouri,771,52.908007003760495
2020-12-16,64082,Kansas City Metro,Missouri,775,53.18249731247002
2020-12-17,64082,Kansas City Metro,Missouri,775,53.18249731247002
2020-12-18,64082,Kansas City Metro,Missouri,789,54.14321339295335
2020-12-19,64082,Kansas City Metro,Missouri,789,54.14321339295335
2020-12-20,64082,Kansas City Metro,Missouri,789,54.14321339295335
2020-12-21,64082,Kansas City Metro,Missouri,811,55.65291009085573
2020-12-14,64086,Kansas City Metro,Missouri,1160,50.049618155930446
2020-12-15,64086,Kansas City Metro,Missouri,1174,50.65366527160547
2020-12-16,64086,Kansas City Metro,Missouri,1182,50.99883505199119
2020-12-17,64086,Kansas City Metro,Missouri,1182,50.99883505199119
2020-12-18,64086,Kansas City Metro,Missouri,1196,51.60288216766622
2020-12-19,64086,Kansas City Metro,Missouri,1196,51.60288216766622
2020-12-20,64086,Kansas City Metro,Missouri,1196,51.60288216766622
2020-12-21,64086,Kansas City Metro,Missouri,1216,52.46580661863054
2020-12-14,64088,Kansas City Metro,Missouri,36,28.662420666833754
2020-12-15,64088,Kansas City Metro,Missouri,36,28.662420666833754
2020-12-16,64088,Kansas City Metro,Missouri,37,29.458599018690247
2020-12-17,64088,Kansas City Metro,Missouri,37,29.458599018690247
2020-12-18,64088,Kansas City Metro,Missouri,38,30.25477737054674
2020-12-19,64088,Kansas City Metro,Missouri,38,30.25477737054674
2020-12-20,64088,Kansas City Metro,Missouri,38,30.25477737054674
2020-12-21,64088,Kansas City Metro,Missouri,40,31.847134074259724
2020-12-14,64089,Kansas City Metro,Missouri,739,57.242447940603874
2020-12-15,64089,Kansas City Metro,Missouri,743,57.552285277224186
2020-12-16,64089,Kansas City Metro,Missouri,752,58.249419284619904
2020-12-17,64089,Kansas City Metro,Missouri,761,58.94655329201563
2020-12-18,64089,Kansas City Metro,Missouri,768,59.48876863110118
2020-12-19,64089,Kansas City Metro,Missouri,768,59.48876863110118
2020-12-20,64089,Kansas City Metro,Missouri,768,59.48876863110118
2020-12-21,64089,Kansas City Metro,Missouri,784,60.72811797758246
2020-12-14,64098,Kansas City Metro,Missouri,142,45.52741269743444
2020-12-15,64098,Kansas City Metro,Missouri,142,45.52741269743444
2020-12-16,64098,Kansas City Metro,Missouri,144,46.16864386218704
2020-12-17,64098,Kansas City Metro,Missouri,144,46.16864386218704
2020-12-18,64098,Kansas City Metro,Missouri,147,47.130490609315935
2020-12-19,64098,Kansas City Metro,Missouri,148,47.45110619169223
2020-12-20,64098,Kansas City Metro,Missouri,148,47.45110619169223
2020-12-21,64098,Kansas City Metro,Missouri,150,48.09233735644483
2020-12-14,64102,Kansas City Metro,Missouri,24,NA
2020-12-15,64102,Kansas City Metro,Missouri,24,NA
2020-12-16,64102,Kansas City Metro,Missouri,24,NA
2020-12-17,64102,Kansas City Metro,Missouri,24,NA
2020-12-18,64102,Kansas City Metro,Missouri,24,NA
2020-12-19,64102,Kansas City Metro,Missouri,24,NA
2020-12-20,64102,Kansas City Metro,Missouri,24,NA
2020-12-21,64102,Kansas City Metro,Missouri,24,NA
2020-12-14,64105,Kansas City Metro,Missouri,394,84.20602692883095
2020-12-15,64105,Kansas City Metro,Missouri,394,84.20602692883095
2020-12-16,64105,Kansas City Metro,Missouri,418,89.33532806155162
2020-12-17,64105,Kansas City Metro,Missouri,418,89.33532806155162
2020-12-18,64105,Kansas City Metro,Missouri,418,89.33532806155162
2020-12-19,64105,Kansas City Metro,Missouri,418,89.33532806155162
2020-12-20,64105,Kansas City Metro,Missouri,418,89.33532806155162
2020-12-21,64105,Kansas City Metro,Missouri,418,89.33532806155162
2020-12-14,64106,Kansas City Metro,Missouri,536,57.4737293587819
2020-12-15,64106,Kansas City Metro,Missouri,536,57.4737293587819
2020-12-16,64106,Kansas City Metro,Missouri,573,61.441132318250055
2020-12-17,64106,Kansas City Metro,Missouri,573,61.441132318250055
2020-12-18,64106,Kansas City Metro,Missouri,573,61.441132318250055
2020-12-19,64106,Kansas City Metro,Missouri,573,61.441132318250055
2020-12-20,64106,Kansas City Metro,Missouri,573,61.441132318250055
2020-12-21,64106,Kansas City Metro,Missouri,573,61.441132318250055
2020-12-14,64108,Kansas City Metro,Missouri,641,82.1900243620977
2020-12-15,64108,Kansas City Metro,Missouri,641,82.1900243620977
2020-12-16,64108,Kansas City Metro,Missouri,677,86.8060007693294
2020-12-17,64108,Kansas City Metro,Missouri,677,86.8060007693294
2020-12-18,64108,Kansas City Metro,Missouri,677,86.8060007693294
2020-12-19,64108,Kansas City Metro,Missouri,677,86.8060007693294
2020-12-20,64108,Kansas City Metro,Missouri,677,86.8060007693294
2020-12-21,64108,Kansas City Metro,Missouri,677,86.8060007693294
2020-12-14,64109,Kansas City Metro,Missouri,446,46.23198921944646
2020-12-15,64109,Kansas City Metro,Missouri,446,46.23198921944646
2020-12-16,64109,Kansas City Metro,Missouri,477,49.44542344770395
2020-12-17,64109,Kansas City Metro,Missouri,477,49.44542344770395
2020-12-18,64109,Kansas City Metro,Missouri,477,49.44542344770395
2020-12-19,64109,Kansas City Metro,Missouri,477,49.44542344770395
2020-12-20,64109,Kansas City Metro,Missouri,477,49.44542344770395
2020-12-21,64109,Kansas City Metro,Missouri,477,49.44542344770395
2020-12-14,64110,Kansas City Metro,Missouri,667,38.83325570563577
2020-12-15,64110,Kansas City Metro,Missouri,667,38.83325570563577
2020-12-16,64110,Kansas City Metro,Missouri,723,42.093619003260365
2020-12-17,64110,Kansas City Metro,Missouri,723,42.093619003260365
2020-12-18,64110,Kansas City Metro,Missouri,723,42.093619003260365
2020-12-19,64110,Kansas City Metro,Missouri,723,42.093619003260365
2020-12-20,64110,Kansas City Metro,Missouri,723,42.093619003260365
2020-12-21,64110,Kansas City Metro,Missouri,723,42.093619003260365
2020-12-14,64111,Kansas City Metro,Missouri,955,53.64867142295376
2020-12-15,64111,Kansas City Metro,Missouri,955,53.64867142295376
2020-12-16,64111,Kansas City Metro,Missouri,1012,56.850738722543674
2020-12-17,64111,Kansas City Metro,Missouri,1012,56.850738722543674
2020-12-18,64111,Kansas City Metro,Missouri,1012,56.850738722543674
2020-12-19,64111,Kansas City Metro,Missouri,1012,56.850738722543674
2020-12-20,64111,Kansas City Metro,Missouri,1012,56.850738722543674
2020-12-21,64111,Kansas City Metro,Missouri,1012,56.850738722543674
2020-12-14,64112,Kansas City Metro,Missouri,439,52.56226053639847
2020-12-15,64112,Kansas City Metro,Missouri,439,52.56226053639847
2020-12-16,64112,Kansas City Metro,Missouri,473,56.633141762452105
2020-12-17,64112,Kansas City Metro,Missouri,473,56.633141762452105
2020-12-18,64112,Kansas City Metro,Missouri,473,56.633141762452105
2020-12-19,64112,Kansas City Metro,Missouri,473,56.633141762452105
2020-12-20,64112,Kansas City Metro,Missouri,473,56.633141762452105
2020-12-21,64112,Kansas City Metro,Missouri,473,56.633141762452105
2020-12-14,64113,Kansas City Metro,Missouri,410,34.20086753420087
2020-12-15,64113,Kansas City Metro,Missouri,410,34.20086753420087
2020-12-16,64113,Kansas City Metro,Missouri,448,37.3707040373707
2020-12-17,64113,Kansas City Metro,Missouri,448,37.3707040373707
2020-12-18,64113,Kansas City Metro,Missouri,448,37.3707040373707
2020-12-19,64113,Kansas City Metro,Missouri,448,37.3707040373707
2020-12-20,64113,Kansas City Metro,Missouri,448,37.3707040373707
2020-12-21,64113,Kansas City Metro,Missouri,448,37.3707040373707
2020-12-14,64114,Kansas City Metro,Missouri,968,39.6640032780168
2020-12-15,64114,Kansas City Metro,Missouri,968,39.6640032780168
2020-12-16,64114,Kansas City Metro,Missouri,1055,43.22884654783856
2020-12-17,64114,Kansas City Metro,Missouri,1055,43.22884654783856
2020-12-18,64114,Kansas City Metro,Missouri,1055,43.22884654783856
2020-12-19,64114,Kansas City Metro,Missouri,1055,43.22884654783856
2020-12-20,64114,Kansas City Metro,Missouri,1055,43.22884654783856
2020-12-21,64114,Kansas City Metro,Missouri,1055,43.22884654783856
2020-12-14,64116,Kansas City Metro,Missouri,848,54.442732408834104
2020-12-15,64116,Kansas City Metro,Missouri,851,54.63533641499743
2020-12-16,64116,Kansas City Metro,Missouri,905,58.102208525937336
2020-12-17,64116,Kansas City Metro,Missouri,908,58.29481253210067
2020-12-18,64116,Kansas City Metro,Missouri,910,58.423215202876214
2020-12-19,64116,Kansas City Metro,Missouri,910,58.423215202876214
2020-12-20,64116,Kansas City Metro,Missouri,910,58.423215202876214
2020-12-21,64116,Kansas City Metro,Missouri,918,58.93682588597843
2020-12-14,64117,Kansas City Metro,Missouri,681,46.411776732774484
2020-12-15,64117,Kansas City Metro,Missouri,681,46.411776732774484
2020-12-16,64117,Kansas City Metro,Missouri,728,49.61493900361208
2020-12-17,64117,Kansas City Metro,Missouri,728,49.61493900361208
2020-12-18,64117,Kansas City Metro,Missouri,728,49.61493900361208
2020-12-19,64117,Kansas City Metro,Missouri,728,49.61493900361208
2020-12-20,64117,Kansas City Metro,Missouri,728,49.61493900361208
2020-12-21,64117,Kansas City Metro,Missouri,728,49.61493900361208
2020-12-14,64118,Kansas City Metro,Missouri,1980,46.36350864047206
2020-12-15,64118,Kansas City Metro,Missouri,1987,46.52742003465555
2020-12-16,64118,Kansas City Metro,Missouri,2061,48.26019763030956
2020-12-17,64118,Kansas City Metro,Missouri,2068,48.42410902449305
2020-12-18,64118,Kansas City Metro,Missouri,2068,48.42410902449305
2020-12-19,64118,Kansas City Metro,Missouri,2068,48.42410902449305
2020-12-20,64118,Kansas City Metro,Missouri,2068,48.42410902449305
2020-12-21,64118,Kansas City Metro,Missouri,2096,49.079754601226995
2020-12-14,64119,Kansas City Metro,Missouri,1384,49.698362539500145
2020-12-15,64119,Kansas City Metro,Missouri,1389,49.87790864694053
2020-12-16,64119,Kansas City Metro,Missouri,1490,53.50474001723643
2020-12-17,64119,Kansas City Metro,Missouri,1490,53.50474001723643
2020-12-18,64119,Kansas City Metro,Missouri,1492,53.57655846021258
2020-12-19,64119,Kansas City Metro,Missouri,1492,53.57655846021258
2020-12-20,64119,Kansas City Metro,Missouri,1492,53.57655846021258
2020-12-21,64119,Kansas City Metro,Missouri,1500,53.86383223211721
2020-12-14,64120,Kansas City Metro,Missouri,49,127.93733681462142
2020-12-15,64120,Kansas City Metro,Missouri,49,127.93733681462142
2020-12-16,64120,Kansas City Metro,Missouri,50,130.54830287206266
2020-12-17,64120,Kansas City Metro,Missouri,50,130.54830287206266
2020-12-18,64120,Kansas City Metro,Missouri,50,130.54830287206266
2020-12-19,64120,Kansas City Metro,Missouri,50,130.54830287206266
2020-12-20,64120,Kansas City Metro,Missouri,50,130.54830287206266
2020-12-21,64120,Kansas City Metro,Missouri,50,130.54830287206266
2020-12-14,64123,Kansas City Metro,Missouri,766,79.95824634655533
2020-12-15,64123,Kansas City Metro,Missouri,766,79.95824634655533
2020-12-16,64123,Kansas City Metro,Missouri,807,84.23799582463467
2020-12-17,64123,Kansas City Metro,Missouri,807,84.23799582463467
2020-12-18,64123,Kansas City Metro,Missouri,807,84.23799582463467
2020-12-19,64123,Kansas City Metro,Missouri,807,84.23799582463467
2020-12-20,64123,Kansas City Metro,Missouri,807,84.23799582463467
2020-12-21,64123,Kansas City Metro,Missouri,807,84.23799582463467
2020-12-14,64124,Kansas City Metro,Missouri,858,80.74534161490683
2020-12-15,64124,Kansas City Metro,Missouri,858,80.74534161490683
2020-12-16,64124,Kansas City Metro,Missouri,908,85.450781102955
2020-12-17,64124,Kansas City Metro,Missouri,908,85.450781102955
2020-12-18,64124,Kansas City Metro,Missouri,908,85.450781102955
2020-12-19,64124,Kansas City Metro,Missouri,908,85.450781102955
2020-12-20,64124,Kansas City Metro,Missouri,908,85.450781102955
2020-12-21,64124,Kansas City Metro,Missouri,908,85.450781102955
2020-12-14,64125,Kansas City Metro,Missouri,150,107.9913606911447
2020-12-15,64125,Kansas City Metro,Missouri,150,107.9913606911447
2020-12-16,64125,Kansas City Metro,Missouri,155,111.59107271418287
2020-12-17,64125,Kansas City Metro,Missouri,155,111.59107271418287
2020-12-18,64125,Kansas City Metro,Missouri,155,111.59107271418287
2020-12-19,64125,Kansas City Metro,Missouri,155,111.59107271418287
2020-12-20,64125,Kansas City Metro,Missouri,155,111.59107271418287
2020-12-21,64125,Kansas City Metro,Missouri,155,111.59107271418287
2020-12-14,64126,Kansas City Metro,Missouri,389,63.2726089785296
2020-12-15,64126,Kansas City Metro,Missouri,389,63.2726089785296
2020-12-16,64126,Kansas City Metro,Missouri,423,68.8028627195836
2020-12-17,64126,Kansas City Metro,Missouri,423,68.8028627195836
2020-12-18,64126,Kansas City Metro,Missouri,423,68.8028627195836
2020-12-19,64126,Kansas City Metro,Missouri,423,68.8028627195836
2020-12-20,64126,Kansas City Metro,Missouri,423,68.8028627195836
2020-12-21,64126,Kansas City Metro,Missouri,423,68.8028627195836
2020-12-14,64127,Kansas City Metro,Missouri,954,61.719609238532705
2020-12-15,64127,Kansas City Metro,Missouri,954,61.719609238532705
2020-12-16,64127,Kansas City Metro,Missouri,1010,65.34256323995601
2020-12-17,64127,Kansas City Metro,Missouri,1010,65.34256323995601
2020-12-18,64127,Kansas City Metro,Missouri,1010,65.34256323995601
2020-12-19,64127,Kansas City Metro,Missouri,1010,65.34256323995601
2020-12-20,64127,Kansas City Metro,Missouri,1010,65.34256323995601
2020-12-21,64127,Kansas City Metro,Missouri,1010,65.34256323995601
2020-12-14,64128,Kansas City Metro,Missouri,547,48.071007997187806
2020-12-15,64128,Kansas City Metro,Missouri,547,48.071007997187806
2020-12-16,64128,Kansas City Metro,Missouri,573,50.35591879778539
2020-12-17,64128,Kansas City Metro,Missouri,573,50.35591879778539
2020-12-18,64128,Kansas City Metro,Missouri,573,50.35591879778539
2020-12-19,64128,Kansas City Metro,Missouri,573,50.35591879778539
2020-12-20,64128,Kansas City Metro,Missouri,573,50.35591879778539
2020-12-21,64128,Kansas City Metro,Missouri,573,50.35591879778539
2020-12-14,64129,Kansas City Metro,Missouri,354,39.860376083774355
2020-12-15,64129,Kansas City Metro,Missouri,354,39.860376083774355
2020-12-16,64129,Kansas City Metro,Missouri,388,43.68877378673572
2020-12-17,64129,Kansas City Metro,Missouri,388,43.68877378673572
2020-12-18,64129,Kansas City Metro,Missouri,388,43.68877378673572
2020-12-19,64129,Kansas City Metro,Missouri,388,43.68877378673572
2020-12-20,64129,Kansas City Metro,Missouri,388,43.68877378673572
2020-12-21,64129,Kansas City Metro,Missouri,388,43.68877378673572
2020-12-14,64130,Kansas City Metro,Missouri,977,48.85977195439087
2020-12-15,64130,Kansas City Metro,Missouri,977,48.85977195439087
2020-12-16,64130,Kansas City Metro,Missouri,1033,51.66033206641328
2020-12-17,64130,Kansas City Metro,Missouri,1033,51.66033206641328
2020-12-18,64130,Kansas City Metro,Missouri,1033,51.66033206641328
2020-12-19,64130,Kansas City Metro,Missouri,1033,51.66033206641328
2020-12-20,64130,Kansas City Metro,Missouri,1033,51.66033206641328
2020-12-21,64130,Kansas City Metro,Missouri,1033,51.66033206641328
2020-12-14,64131,Kansas City Metro,Missouri,1002,43.69440083725798
2020-12-15,64131,Kansas City Metro,Missouri,1002,43.69440083725798
2020-12-16,64131,Kansas City Metro,Missouri,1065,46.441653584510725
2020-12-17,64131,Kansas City Metro,Missouri,1065,46.441653584510725
2020-12-18,64131,Kansas City Metro,Missouri,1065,46.441653584510725
2020-12-19,64131,Kansas City Metro,Missouri,1065,46.441653584510725
2020-12-20,64131,Kansas City Metro,Missouri,1065,46.441653584510725
2020-12-21,64131,Kansas City Metro,Missouri,1065,46.441653584510725
2020-12-14,64132,Kansas City Metro,Missouri,616,41.57386785449147
2020-12-15,64132,Kansas City Metro,Missouri,616,41.57386785449147
2020-12-16,64132,Kansas City Metro,Missouri,675,45.55578052237295
2020-12-17,64132,Kansas City Metro,Missouri,675,45.55578052237295
2020-12-18,64132,Kansas City Metro,Missouri,675,45.55578052237295
2020-12-19,64132,Kansas City Metro,Missouri,675,45.55578052237295
2020-12-20,64132,Kansas City Metro,Missouri,675,45.55578052237295
2020-12-21,64132,Kansas City Metro,Missouri,675,45.55578052237295
2020-12-14,64133,Kansas City Metro,Missouri,1762,50.10949008901402
2020-12-15,64133,Kansas City Metro,Missouri,1776,50.507635867246826
2020-12-16,64133,Kansas City Metro,Missouri,1838,52.27085288513494
2020-12-17,64133,Kansas City Metro,Missouri,1838,52.27085288513494
2020-12-18,64133,Kansas City Metro,Missouri,1851,52.64055967920826
2020-12-19,64133,Kansas City Metro,Missouri,1851,52.64055967920826
2020-12-20,64133,Kansas City Metro,Missouri,1851,52.64055967920826
2020-12-21,64133,Kansas City Metro,Missouri,1881,53.493729203992835
2020-12-14,64134,Kansas City Metro,Missouri,996,41.719024880623266
2020-12-15,64134,Kansas City Metro,Missouri,996,41.719024880623266
2020-12-16,64134,Kansas City Metro,Missouri,1081,45.27938342967245
2020-12-17,64134,Kansas City Metro,Missouri,1081,45.27938342967245
2020-12-18,64134,Kansas City Metro,Missouri,1081,45.27938342967245
2020-12-19,64134,Kansas City Metro,Missouri,1081,45.27938342967245
2020-12-20,64134,Kansas City Metro,Missouri,1081,45.27938342967245
2020-12-21,64134,Kansas City Metro,Missouri,1081,45.27938342967245
2020-12-14,64136,Kansas City Metro,Missouri,117,52.70270270270271
2020-12-15,64136,Kansas City Metro,Missouri,117,52.70270270270271
2020-12-16,64136,Kansas City Metro,Missouri,119,53.6036036036036
2020-12-17,64136,Kansas City Metro,Missouri,119,53.6036036036036
2020-12-18,64136,Kansas City Metro,Missouri,119,53.6036036036036
2020-12-19,64136,Kansas City Metro,Missouri,119,53.6036036036036
2020-12-20,64136,Kansas City Metro,Missouri,119,53.6036036036036
2020-12-21,64136,Kansas City Metro,Missouri,119,53.6036036036036
2020-12-14,64137,Kansas City Metro,Missouri,586,55.04414803682134
2020-12-15,64137,Kansas City Metro,Missouri,586,55.04414803682134
2020-12-16,64137,Kansas City Metro,Missouri,613,57.58031185421755
2020-12-17,64137,Kansas City Metro,Missouri,613,57.58031185421755
2020-12-18,64137,Kansas City Metro,Missouri,613,57.58031185421755
2020-12-19,64137,Kansas City Metro,Missouri,613,57.58031185421755
2020-12-20,64137,Kansas City Metro,Missouri,613,57.58031185421755
2020-12-21,64137,Kansas City Metro,Missouri,613,57.58031185421755
2020-12-14,64138,Kansas City Metro,Missouri,1100,42.255685310387214
2020-12-15,64138,Kansas City Metro,Missouri,1107,42.52458512599877
2020-12-16,64138,Kansas City Metro,Missouri,1147,44.06115550092194
2020-12-17,64138,Kansas City Metro,Missouri,1147,44.06115550092194
2020-12-18,64138,Kansas City Metro,Missouri,1152,44.253226797787335
2020-12-19,64138,Kansas City Metro,Missouri,1152,44.253226797787335
2020-12-20,64138,Kansas City Metro,Missouri,1152,44.253226797787335
2020-12-21,64138,Kansas City Metro,Missouri,1166,44.79102642901045
2020-12-14,64139,Kansas City Metro,Missouri,159,76.47907647907648
2020-12-15,64139,Kansas City Metro,Missouri,159,76.47907647907648
2020-12-16,64139,Kansas City Metro,Missouri,180,86.58008658008657
2020-12-17,64139,Kansas City Metro,Missouri,180,86.58008658008657
2020-12-18,64139,Kansas City Metro,Missouri,180,86.58008658008657
2020-12-19,64139,Kansas City Metro,Missouri,180,86.58008658008657
2020-12-20,64139,Kansas City Metro,Missouri,180,86.58008658008657
2020-12-21,64139,Kansas City Metro,Missouri,180,86.58008658008657
2020-12-14,64145,Kansas City Metro,Missouri,231,44.0083914571079
2020-12-15,64145,Kansas City Metro,Missouri,231,44.0083914571079
2020-12-16,64145,Kansas City Metro,Missouri,248,47.24710424832364
2020-12-17,64145,Kansas City Metro,Missouri,248,47.24710424832364
2020-12-18,64145,Kansas City Metro,Missouri,248,47.24710424832364
2020-12-19,64145,Kansas City Metro,Missouri,248,47.24710424832364
2020-12-20,64145,Kansas City Metro,Missouri,248,47.24710424832364
2020-12-21,64145,Kansas City Metro,Missouri,248,47.24710424832364
2020-12-14,64146,Kansas City Metro,Missouri,51,33.86454183266932
2020-12-15,64146,Kansas City Metro,Missouri,51,33.86454183266932
2020-12-16,64146,Kansas City Metro,Missouri,60,39.8406374501992
2020-12-17,64146,Kansas City Metro,Missouri,60,39.8406374501992
2020-12-18,64146,Kansas City Metro,Missouri,60,39.8406374501992
2020-12-19,64146,Kansas City Metro,Missouri,60,39.8406374501992
2020-12-20,64146,Kansas City Metro,Missouri,60,39.8406374501992
2020-12-21,64146,Kansas City Metro,Missouri,60,39.8406374501992
2020-12-14,64147,Kansas City Metro,Missouri,13,22.37521514629948
2020-12-15,64147,Kansas City Metro,Missouri,13,22.37521514629948
2020-12-16,64147,Kansas City Metro,Missouri,14,24.096385542168676
2020-12-17,64147,Kansas City Metro,Missouri,14,24.096385542168676
2020-12-18,64147,Kansas City Metro,Missouri,14,24.096385542168676
2020-12-19,64147,Kansas City Metro,Missouri,14,24.096385542168676
2020-12-20,64147,Kansas City Metro,Missouri,14,24.096385542168676
2020-12-21,64147,Kansas City Metro,Missouri,14,24.096385542168676
2020-12-14,64149,Kansas City Metro,Missouri,10,28.169014084507044
2020-12-15,64149,Kansas City Metro,Missouri,10,28.169014084507044
2020-12-16,64149,Kansas City Metro,Missouri,11,30.985915492957748
2020-12-17,64149,Kansas City Metro,Missouri,11,30.985915492957748
2020-12-18,64149,Kansas City Metro,Missouri,11,30.985915492957748
2020-12-19,64149,Kansas City Metro,Missouri,11,30.985915492957748
2020-12-20,64149,Kansas City Metro,Missouri,11,30.985915492957748
2020-12-21,64149,Kansas City Metro,Missouri,11,30.985915492957748
2020-12-14,64150,Kansas City Metro,Missouri,245,73.95110172049502
2020-12-15,64150,Kansas City Metro,Missouri,247,74.55478418351946
2020-12-16,64150,Kansas City Metro,Missouri,251,75.76214910956837
2020-12-17,64150,Kansas City Metro,Missouri,251,75.76214910956837
2020-12-18,64150,Kansas City Metro,Missouri,255,76.96951403561727
2020-12-19,64150,Kansas City Metro,Missouri,256,77.27135526712948
2020-12-20,64150,Kansas City Metro,Missouri,256,77.27135526712948
2020-12-21,64150,Kansas City Metro,Missouri,260,78.47872019317839
2020-12-14,64151,Kansas City Metro,Missouri,1045,39.026029801695486
2020-12-15,64151,Kansas City Metro,Missouri,1047,39.10072076782313
2020-12-16,64151,Kansas City Metro,Missouri,1122,41.90163199760989
2020-12-17,64151,Kansas City Metro,Missouri,1122,41.90163199760989
2020-12-18,64151,Kansas City Metro,Missouri,1124,41.97632296373754
2020-12-19,64151,Kansas City Metro,Missouri,1127,42.08835941292901
2020-12-20,64151,Kansas City Metro,Missouri,1127,42.08835941292901
2020-12-21,64151,Kansas City Metro,Missouri,1127,42.08835941292901
2020-12-14,64152,Kansas City Metro,Missouri,1229,42.044404912592796
2020-12-15,64152,Kansas City Metro,Missouri,1234,42.21545619376689
2020-12-16,64152,Kansas City Metro,Missouri,1264,43.24176388081147
2020-12-17,64152,Kansas City Metro,Missouri,1264,43.24176388081147
2020-12-18,64152,Kansas City Metro,Missouri,1280,43.78912798056857
2020-12-19,64152,Kansas City Metro,Missouri,1287,44.02859977421231
2020-12-20,64152,Kansas City Metro,Missouri,1287,44.02859977421231
2020-12-21,64152,Kansas City Metro,Missouri,1307,44.71280489890869
2020-12-14,64153,Kansas City Metro,Missouri,281,53.687428353076044
2020-12-15,64153,Kansas City Metro,Missouri,281,53.687428353076044
2020-12-16,64153,Kansas City Metro,Missouri,312,59.6102407336645
2020-12-17,64153,Kansas City Metro,Missouri,312,59.6102407336645
2020-12-18,64153,Kansas City Metro,Missouri,312,59.6102407336645
2020-12-19,64153,Kansas City Metro,Missouri,312,59.6102407336645
2020-12-20,64153,Kansas City Metro,Missouri,312,59.6102407336645
2020-12-21,64153,Kansas City Metro,Missouri,312,59.6102407336645
2020-12-14,64154,Kansas City Metro,Missouri,759,69.66498393758604
2020-12-15,64154,Kansas City Metro,Missouri,759,69.66498393758604
2020-12-16,64154,Kansas City Metro,Missouri,795,72.96925195043598
2020-12-17,64154,Kansas City Metro,Missouri,795,72.96925195043598
2020-12-18,64154,Kansas City Metro,Missouri,795,72.96925195043598
2020-12-19,64154,Kansas City Metro,Missouri,795,72.96925195043598
2020-12-20,64154,Kansas City Metro,Missouri,795,72.96925195043598
2020-12-21,64154,Kansas City Metro,Missouri,795,72.96925195043598
2020-12-14,64155,Kansas City Metro,Missouri,1379,60.17367020116071
2020-12-15,64155,Kansas City Metro,Missouri,1379,60.17367020116071
2020-12-16,64155,Kansas City Metro,Missouri,1476,64.40633590784134
2020-12-17,64155,Kansas City Metro,Missouri,1476,64.40633590784134
2020-12-18,64155,Kansas City Metro,Missouri,1476,64.40633590784134
2020-12-19,64155,Kansas City Metro,Missouri,1476,64.40633590784134
2020-12-20,64155,Kansas City Metro,Missouri,1476,64.40633590784134
2020-12-21,64155,Kansas City Metro,Missouri,1476,64.40633590784134
2020-12-14,64156,Kansas City Metro,Missouri,370,46.62885948330183
2020-12-15,64156,Kansas City Metro,Missouri,370,46.62885948330183
2020-12-16,64156,Kansas City Metro,Missouri,394,49.65343415248898
2020-12-17,64156,Kansas City Metro,Missouri,394,49.65343415248898
2020-12-18,64156,Kansas City Metro,Missouri,394,49.65343415248898
2020-12-19,64156,Kansas City Metro,Missouri,394,49.65343415248898
2020-12-20,64156,Kansas City Metro,Missouri,394,49.65343415248898
2020-12-21,64156,Kansas City Metro,Missouri,394,49.65343415248898
2020-12-14,64157,Kansas City Metro,Missouri,1109,55.678280951902806
2020-12-15,64157,Kansas City Metro,Missouri,1109,55.678280951902806
2020-12-16,64157,Kansas City Metro,Missouri,1200,60.24701275228437
2020-12-17,64157,Kansas City Metro,Missouri,1200,60.24701275228437
2020-12-18,64157,Kansas City Metro,Missouri,1200,60.24701275228437
2020-12-19,64157,Kansas City Metro,Missouri,1200,60.24701275228437
2020-12-20,64157,Kansas City Metro,Missouri,1200,60.24701275228437
2020-12-21,64157,Kansas City Metro,Missouri,1200,60.24701275228437
2020-12-14,64158,Kansas City Metro,Missouri,324,64.27296171394565
2020-12-15,64158,Kansas City Metro,Missouri,324,64.27296171394565
2020-12-16,64158,Kansas City Metro,Missouri,348,69.03392184090458
2020-12-17,64158,Kansas City Metro,Missouri,348,69.03392184090458
2020-12-18,64158,Kansas City Metro,Missouri,348,69.03392184090458
2020-12-19,64158,Kansas City Metro,Missouri,348,69.03392184090458
2020-12-20,64158,Kansas City Metro,Missouri,348,69.03392184090458
2020-12-21,64158,Kansas City Metro,Missouri,348,69.03392184090458
2020-12-14,64161,Kansas City Metro,Missouri,32,106.66666666666667
2020-12-15,64161,Kansas City Metro,Missouri,32,106.66666666666667
2020-12-16,64161,Kansas City Metro,Missouri,33,110
2020-12-17,64161,Kansas City Metro,Missouri,33,110
2020-12-18,64161,Kansas City Metro,Missouri,33,110
2020-12-19,64161,Kansas City Metro,Missouri,33,110
2020-12-20,64161,Kansas City Metro,Missouri,33,110
2020-12-21,64161,Kansas City Metro,Missouri,33,110
2020-12-14,64163,Kansas City Metro,Missouri,37,49.46524064171123
2020-12-15,64163,Kansas City Metro,Missouri,39,52.13903743315508
2020-12-16,64163,Kansas City Metro,Missouri,42,56.14973262032086
2020-12-17,64163,Kansas City Metro,Missouri,42,56.14973262032086
2020-12-18,64163,Kansas City Metro,Missouri,43,57.48663101604278
2020-12-19,64163,Kansas City Metro,Missouri,44,58.8235294117647
2020-12-20,64163,Kansas City Metro,Missouri,44,58.8235294117647
2020-12-21,64163,Kansas City Metro,Missouri,44,58.8235294117647
2020-12-14,64164,Kansas City Metro,Missouri,5,23.474178403755868
2020-12-15,64164,Kansas City Metro,Missouri,5,23.474178403755868
2020-12-16,64164,Kansas City Metro,Missouri,5,23.474178403755868
2020-12-17,64164,Kansas City Metro,Missouri,5,23.474178403755868
2020-12-18,64164,Kansas City Metro,Missouri,5,23.474178403755868
2020-12-19,64164,Kansas City Metro,Missouri,5,23.474178403755868
2020-12-20,64164,Kansas City Metro,Missouri,5,23.474178403755868
2020-12-21,64164,Kansas City Metro,Missouri,5,23.474178403755868
2020-12-14,64165,Kansas City Metro,Missouri,6,27.906976744186046
2020-12-15,64165,Kansas City Metro,Missouri,6,27.906976744186046
2020-12-16,64165,Kansas City Metro,Missouri,6,27.906976744186046
2020-12-17,64165,Kansas City Metro,Missouri,6,27.906976744186046
2020-12-18,64165,Kansas City Metro,Missouri,12,55.81395348837209
2020-12-19,64165,Kansas City Metro,Missouri,12,55.81395348837209
2020-12-20,64165,Kansas City Metro,Missouri,12,55.81395348837209
2020-12-21,64165,Kansas City Metro,Missouri,12,55.81395348837209
2020-12-14,64166,Kansas City Metro,Missouri,13,45.6140350877193
2020-12-15,64166,Kansas City Metro,Missouri,13,45.6140350877193
2020-12-16,64166,Kansas City Metro,Missouri,12,42.10526315789473
2020-12-17,64166,Kansas City Metro,Missouri,12,42.10526315789473
2020-12-18,64166,Kansas City Metro,Missouri,12,42.10526315789473
2020-12-19,64166,Kansas City Metro,Missouri,12,42.10526315789473
2020-12-20,64166,Kansas City Metro,Missouri,12,42.10526315789473
2020-12-21,64166,Kansas City Metro,Missouri,12,42.10526315789473
2020-12-14,64167,Kansas City Metro,Missouri,22,49.327354260089685
2020-12-15,64167,Kansas City Metro,Missouri,22,49.327354260089685
2020-12-16,64167,Kansas City Metro,Missouri,22,49.327354260089685
2020-12-17,64167,Kansas City Metro,Missouri,22,49.327354260089685
2020-12-18,64167,Kansas City Metro,Missouri,22,49.327354260089685
2020-12-19,64167,Kansas City Metro,Missouri,22,49.327354260089685
2020-12-20,64167,Kansas City Metro,Missouri,22,49.327354260089685
2020-12-21,64167,Kansas City Metro,Missouri,22,49.327354260089685
2020-12-14,64439,Kansas City Metro,Missouri,54,48.80041592872342
2020-12-15,64439,Kansas City Metro,Missouri,55,49.70412733481089
2020-12-16,64439,Kansas City Metro,Missouri,55,49.70412733481089
2020-12-17,64439,Kansas City Metro,Missouri,55,49.70412733481089
2020-12-18,64439,Kansas City Metro,Missouri,56,50.60783874089836
2020-12-19,64439,Kansas City Metro,Missouri,56,50.60783874089836
2020-12-20,64439,Kansas City Metro,Missouri,56,50.60783874089836
2020-12-21,64439,Kansas City Metro,Missouri,58,52.4152615530733
2020-12-14,64444,Kansas City Metro,Missouri,34,32.85831862703924
2020-12-15,64444,Kansas City Metro,Missouri,34,32.85831862703924
2020-12-16,64444,Kansas City Metro,Missouri,36,34.79116089921801
2020-12-17,64444,Kansas City Metro,Missouri,36,34.79116089921801
2020-12-18,64444,Kansas City Metro,Missouri,36,34.79116089921801
2020-12-19,64444,Kansas City Metro,Missouri,36,34.79116089921801
2020-12-20,64444,Kansas City Metro,Missouri,36,34.79116089921801
2020-12-21,64444,Kansas City Metro,Missouri,39,37.69042430748618
2020-12-14,64492,Kansas City Metro,Missouri,14,35.45986020793096
2020-12-15,64492,Kansas City Metro,Missouri,14,35.45986020793096
2020-12-16,64492,Kansas City Metro,Missouri,15,37.992707365640314
2020-12-17,64492,Kansas City Metro,Missouri,15,37.992707365640314
2020-12-18,64492,Kansas City Metro,Missouri,15,37.992707365640314
2020-12-19,64492,Kansas City Metro,Missouri,15,37.992707365640314
2020-12-20,64492,Kansas City Metro,Missouri,15,37.992707365640314
2020-12-21,64492,Kansas City Metro,Missouri,15,37.992707365640314
2020-12-14,66012,Kansas City Metro,Kansas,340,77.807878621767955
2020-12-15,66012,Kansas City Metro,Kansas,340,77.807878621767955
2020-12-16,66012,Kansas City Metro,Kansas,340,77.807878621767955
2020-12-17,66012,Kansas City Metro,Kansas,340,77.807878621767955
2020-12-18,66012,Kansas City Metro,Kansas,340,77.807878621767955
2020-12-19,66012,Kansas City Metro,Kansas,340,77.807878621767955
2020-12-20,66012,Kansas City Metro,Kansas,340,77.807878621767955
2020-12-21,66012,Kansas City Metro,Kansas,340,77.807878621767955
2020-12-14,66013,Kansas City Metro,Kansas,50,61.28299854922615
2020-12-15,66013,Kansas City Metro,Kansas,50,61.28299854922615
2020-12-16,66013,Kansas City Metro,Kansas,50,61.28299854922615
2020-12-17,66013,Kansas City Metro,Kansas,50,61.28299854922615
2020-12-18,66013,Kansas City Metro,Kansas,50,61.28299854922615
2020-12-19,66013,Kansas City Metro,Kansas,50,61.28299854922615
2020-12-20,66013,Kansas City Metro,Kansas,50,61.28299854922615
2020-12-21,66013,Kansas City Metro,Kansas,50,61.28299854922615
2020-12-14,66018,Kansas City Metro,Kansas,274,44.50942261045835
2020-12-15,66018,Kansas City Metro,Kansas,279,45.32163835152511
2020-12-16,66018,Kansas City Metro,Kansas,287,46.62118353723192
2020-12-17,66018,Kansas City Metro,Kansas,290,47.108512981871975
2020-12-18,66018,Kansas City Metro,Kansas,291,47.270956130085324
2020-12-19,66018,Kansas City Metro,Kansas,297,48.24561501936544
2020-12-20,66018,Kansas City Metro,Kansas,300,48.73294446400549
2020-12-21,66018,Kansas City Metro,Kansas,302,49.0578307604322
2020-12-14,66021,Kansas City Metro,Kansas,77,43.2213262080679
2020-12-15,66021,Kansas City Metro,Kansas,79,44.34395805762811
2020-12-16,66021,Kansas City Metro,Kansas,80,44.90527398240821
2020-12-17,66021,Kansas City Metro,Kansas,81,45.466589907188315
2020-12-18,66021,Kansas City Metro,Kansas,85,47.71185360630872
2020-12-19,66021,Kansas City Metro,Kansas,86,48.27316953108883
2020-12-20,66021,Kansas City Metro,Kansas,89,49.957117305429136
2020-12-21,66021,Kansas City Metro,Kansas,89,49.957117305429136
2020-12-14,66025,Kansas City Metro,Kansas,6,3.7457975554508534
2020-12-15,66025,Kansas City Metro,Kansas,6,3.7457975554508534
2020-12-16,66025,Kansas City Metro,Kansas,6,3.7457975554508534
2020-12-17,66025,Kansas City Metro,Kansas,6,3.7457975554508534
2020-12-18,66025,Kansas City Metro,Kansas,6,3.7457975554508534
2020-12-19,66025,Kansas City Metro,Kansas,6,3.7457975554508534
2020-12-20,66025,Kansas City Metro,Kansas,6,3.7457975554508534
2020-12-21,66025,Kansas City Metro,Kansas,6,3.7457975554508534
2020-12-14,66030,Kansas City Metro,Kansas,954,40.51643591268156
2020-12-15,66030,Kansas City Metro,Kansas,964,40.94113649876837
2020-12-16,66030,Kansas City Metro,Kansas,974,41.36583708485517
2020-12-17,66030,Kansas City Metro,Kansas,993,42.172768198420115
2020-12-18,66030,Kansas City Metro,Kansas,1006,42.724878960332966
2020-12-19,66030,Kansas City Metro,Kansas,1014,43.06463942920241
2020-12-20,66030,Kansas City Metro,Kansas,1025,43.5318100738979
2020-12-21,66030,Kansas City Metro,Kansas,1025,43.5318100738979
2020-12-14,66031,Kansas City Metro,Kansas,13,20.2808112324493
2020-12-15,66031,Kansas City Metro,Kansas,13,20.2808112324493
2020-12-16,66031,Kansas City Metro,Kansas,13,20.2808112324493
2020-12-17,66031,Kansas City Metro,Kansas,13,20.2808112324493
2020-12-18,66031,Kansas City Metro,Kansas,13,20.2808112324493
2020-12-19,66031,Kansas City Metro,Kansas,13,20.2808112324493
2020-12-20,66031,Kansas City Metro,Kansas,13,20.2808112324493
2020-12-21,66031,Kansas City Metro,Kansas,13,20.2808112324493
2020-12-14,66061,Kansas City Metro,Kansas,3368,52.72055600776407
2020-12-15,66061,Kansas City Metro,Kansas,3390,53.064930185962055
2020-12-16,66061,Kansas City Metro,Kansas,3422,53.565838081522756
2020-12-17,66061,Kansas City Metro,Kansas,3502,54.818107820424515
2020-12-18,66061,Kansas City Metro,Kansas,3547,55.52250954855676
2020-12-19,66061,Kansas City Metro,Kansas,3575,55.960803957172374
2020-12-20,66061,Kansas City Metro,Kansas,3602,56.38344499405172
2020-12-21,66061,Kansas City Metro,Kansas,3623,56.712165800513425
2020-12-14,66062,Kansas City Metro,Kansas,3610,44.85084918436059
2020-12-15,66062,Kansas City Metro,Kansas,3627,45.062058169439304
2020-12-16,66062,Kansas City Metro,Kansas,3675,45.658412950838
2020-12-17,66062,Kansas City Metro,Kansas,3745,46.52809700704444
2020-12-18,66062,Kansas City Metro,Kansas,3788,47.06233149871411
2020-12-19,66062,Kansas City Metro,Kansas,3815,47.397781063250875
2020-12-20,66062,Kansas City Metro,Kansas,3845,47.770502801625064
2020-12-21,66062,Kansas City Metro,Kansas,3861,47.96928772875797
2020-12-14,66083,Kansas City Metro,Kansas,235,59.835917546149446
2020-12-15,66083,Kansas City Metro,Kansas,236,60.09053847187774
2020-12-16,66083,Kansas City Metro,Kansas,241,61.36364310051922
2020-12-17,66083,Kansas City Metro,Kansas,245,62.3821268034324
2020-12-18,66083,Kansas City Metro,Kansas,246,62.636747729160696
2020-12-19,66083,Kansas City Metro,Kansas,249,63.400610506345586
2020-12-20,66083,Kansas City Metro,Kansas,254,64.67371513498706
2020-12-21,66083,Kansas City Metro,Kansas,257,65.43757791217195
2020-12-14,66085,Kansas City Metro,Kansas,370,47.28434504979827
2020-12-15,66085,Kansas City Metro,Kansas,376,48.051118212767975
2020-12-16,66085,Kansas City Metro,Kansas,386,49.32907348438414
2020-12-17,66085,Kansas City Metro,Kansas,394,50.35143770167708
2020-12-18,66085,Kansas City Metro,Kansas,396,50.60702875600031
2020-12-19,66085,Kansas City Metro,Kansas,401,51.24600639180839
2020-12-20,66085,Kansas City Metro,Kansas,404,51.62939297329325
2020-12-21,66085,Kansas City Metro,Kansas,406,51.88498402761648
2020-12-14,66101,Kansas City Metro,Kansas,1015,82.23950737319721
2020-12-15,66101,Kansas City Metro,Kansas,1015,82.23950737319721
2020-12-16,66101,Kansas City Metro,Kansas,1015,82.23950737319721
2020-12-17,66101,Kansas City Metro,Kansas,1015,82.23950737319721
2020-12-18,66101,Kansas City Metro,Kansas,1015,82.23950737319721
2020-12-19,66101,Kansas City Metro,Kansas,1015,82.23950737319721
2020-12-20,66101,Kansas City Metro,Kansas,1015,82.23950737319721
2020-12-21,66101,Kansas City Metro,Kansas,1015,82.23950737319721
2020-12-14,66102,Kansas City Metro,Kansas,2583,81.57529055078322
2020-12-15,66102,Kansas City Metro,Kansas,2583,81.57529055078322
2020-12-16,66102,Kansas City Metro,Kansas,2583,81.57529055078322
2020-12-17,66102,Kansas City Metro,Kansas,2583,81.57529055078322
2020-12-18,66102,Kansas City Metro,Kansas,2583,81.57529055078322
2020-12-19,66102,Kansas City Metro,Kansas,2583,81.57529055078322
2020-12-20,66102,Kansas City Metro,Kansas,2583,81.57529055078322
2020-12-21,66102,Kansas City Metro,Kansas,2583,81.57529055078322
2020-12-14,66103,Kansas City Metro,Kansas,866,63.81724392041267
2020-12-15,66103,Kansas City Metro,Kansas,866,63.81724392041267
2020-12-16,66103,Kansas City Metro,Kansas,866,63.81724392041267
2020-12-17,66103,Kansas City Metro,Kansas,866,63.81724392041267
2020-12-18,66103,Kansas City Metro,Kansas,866,63.81724392041267
2020-12-19,66103,Kansas City Metro,Kansas,866,63.81724392041267
2020-12-20,66103,Kansas City Metro,Kansas,866,63.81724392041267
2020-12-21,66103,Kansas City Metro,Kansas,866,63.81724392041267
2020-12-14,66104,Kansas City Metro,Kansas,1846,69.91364944705347
2020-12-15,66104,Kansas City Metro,Kansas,1846,69.91364944705347
2020-12-16,66104,Kansas City Metro,Kansas,1846,69.91364944705347
2020-12-17,66104,Kansas City Metro,Kansas,1846,69.91364944705347
2020-12-18,66104,Kansas City Metro,Kansas,1846,69.91364944705347
2020-12-19,66104,Kansas City Metro,Kansas,1846,69.91364944705347
2020-12-20,66104,Kansas City Metro,Kansas,1846,69.91364944705347
2020-12-21,66104,Kansas City Metro,Kansas,1846,69.91364944705347
2020-12-14,66105,Kansas City Metro,Kansas,326,131.50463896732552
2020-12-15,66105,Kansas City Metro,Kansas,326,131.50463896732552
2020-12-16,66105,Kansas City Metro,Kansas,326,131.50463896732552
2020-12-17,66105,Kansas City Metro,Kansas,326,131.50463896732552
2020-12-18,66105,Kansas City Metro,Kansas,326,131.50463896732552
2020-12-19,66105,Kansas City Metro,Kansas,326,131.50463896732552
2020-12-20,66105,Kansas City Metro,Kansas,326,131.50463896732552
2020-12-21,66105,Kansas City Metro,Kansas,326,131.50463896732552
2020-12-14,66106,Kansas City Metro,Kansas,1546,63.25436766089768
2020-12-15,66106,Kansas City Metro,Kansas,1546,63.25436766089768
2020-12-16,66106,Kansas City Metro,Kansas,1546,63.25436766089768
2020-12-17,66106,Kansas City Metro,Kansas,1546,63.25436766089768
2020-12-18,66106,Kansas City Metro,Kansas,1546,63.25436766089768
2020-12-19,66106,Kansas City Metro,Kansas,1546,63.25436766089768
2020-12-20,66106,Kansas City Metro,Kansas,1546,63.25436766089768
2020-12-21,66106,Kansas City Metro,Kansas,1546,63.25436766089768
2020-12-14,66109,Kansas City Metro,Kansas,1426,68.11707856339697
2020-12-15,66109,Kansas City Metro,Kansas,1426,68.11707856339697
2020-12-16,66109,Kansas City Metro,Kansas,1426,68.11707856339697
2020-12-17,66109,Kansas City Metro,Kansas,1426,68.11707856339697
2020-12-18,66109,Kansas City Metro,Kansas,1426,68.11707856339697
2020-12-19,66109,Kansas City Metro,Kansas,1426,68.11707856339697
2020-12-20,66109,Kansas City Metro,Kansas,1426,68.11707856339697
2020-12-21,66109,Kansas City Metro,Kansas,1426,68.11707856339697
2020-12-14,66111,Kansas City Metro,Kansas,411,41.15762066893651
2020-12-15,66111,Kansas City Metro,Kansas,411,41.15762066893651
2020-12-16,66111,Kansas City Metro,Kansas,411,41.15762066893651
2020-12-17,66111,Kansas City Metro,Kansas,411,41.15762066893651
2020-12-18,66111,Kansas City Metro,Kansas,411,41.15762066893651
2020-12-19,66111,Kansas City Metro,Kansas,411,41.15762066893651
2020-12-20,66111,Kansas City Metro,Kansas,411,41.15762066893651
2020-12-21,66111,Kansas City Metro,Kansas,411,41.15762066893651
2020-12-14,66112,Kansas City Metro,Kansas,846,63.95041197369415
2020-12-15,66112,Kansas City Metro,Kansas,846,63.95041197369415
2020-12-16,66112,Kansas City Metro,Kansas,846,63.95041197369415
2020-12-17,66112,Kansas City Metro,Kansas,846,63.95041197369415
2020-12-18,66112,Kansas City Metro,Kansas,846,63.95041197369415
2020-12-19,66112,Kansas City Metro,Kansas,846,63.95041197369415
2020-12-20,66112,Kansas City Metro,Kansas,846,63.95041197369415
2020-12-21,66112,Kansas City Metro,Kansas,846,63.95041197369415
2020-12-14,66202,Kansas City Metro,Kansas,843,52.09170116789223
2020-12-15,66202,Kansas City Metro,Kansas,846,52.27708088735093
2020-12-16,66202,Kansas City Metro,Kansas,858,53.018599765185684
2020-12-17,66202,Kansas City Metro,Kansas,867,53.57473892356177
2020-12-18,66202,Kansas City Metro,Kansas,876,54.13087808193784
2020-12-19,66202,Kansas City Metro,Kansas,881,54.439844281035654
2020-12-20,66202,Kansas City Metro,Kansas,890,54.99598343941173
2020-12-21,66202,Kansas City Metro,Kansas,895,55.30494963850955
2020-12-14,66203,Kansas City Metro,Kansas,873,45.25660964230171
2020-12-15,66203,Kansas City Metro,Kansas,887,45.98237428719544
2020-12-16,66203,Kansas City Metro,Kansas,903,46.81181959564541
2020-12-17,66203,Kansas City Metro,Kansas,911,47.2265422498704
2020-12-18,66203,Kansas City Metro,Kansas,924,47.900466562986004
2020-12-19,66203,Kansas City Metro,Kansas,930,48.21150855365474
2020-12-20,66203,Kansas City Metro,Kansas,936,48.52255054432349
2020-12-21,66203,Kansas City Metro,Kansas,943,48.88543286677035
2020-12-14,66204,Kansas City Metro,Kansas,1023,51.973784484072546
2020-12-15,66204,Kansas City Metro,Kansas,1029,52.278616064624295
2020-12-16,66204,Kansas City Metro,Kansas,1041,52.888279225727786
2020-12-17,66204,Kansas City Metro,Kansas,1053,53.497942386831276
2020-12-18,66204,Kansas City Metro,Kansas,1047,53.193110806279535
2020-12-19,66204,Kansas City Metro,Kansas,1070,54.36163186506122
2020-12-20,66204,Kansas City Metro,Kansas,1078,54.76807397246355
2020-12-21,66204,Kansas City Metro,Kansas,1086,55.17451607986587
2020-12-14,66205,Kansas City Metro,Kansas,642,47.79274919973201
2020-12-15,66205,Kansas City Metro,Kansas,642,47.79274919973201
2020-12-16,66205,Kansas City Metro,Kansas,635,47.271644457678846
2020-12-17,66205,Kansas City Metro,Kansas,638,47.494975061415914
2020-12-18,66205,Kansas City Metro,Kansas,645,48.01607980346907
2020-12-19,66205,Kansas City Metro,Kansas,654,48.686071614680266
2020-12-20,66205,Kansas City Metro,Kansas,659,49.05828928757537
2020-12-21,66205,Kansas City Metro,Kansas,661,49.20717635673342
2020-12-14,66206,Kansas City Metro,Kansas,464,43.03867915777757
2020-12-15,66206,Kansas City Metro,Kansas,467,43.31694647991838
2020-12-16,66206,Kansas City Metro,Kansas,481,44.61552731657545
2020-12-17,66206,Kansas City Metro,Kansas,484,44.89379463871626
2020-12-18,66206,Kansas City Metro,Kansas,485,44.986550412763194
2020-12-19,66206,Kansas City Metro,Kansas,489,45.357573508950935
2020-12-20,66206,Kansas City Metro,Kansas,493,45.72859660513867
2020-12-21,66206,Kansas City Metro,Kansas,501,46.470642797514145
2020-12-14,66207,Kansas City Metro,Kansas,656,45.3257790368272
2020-12-15,66207,Kansas City Metro,Kansas,659,45.53306156291025
2020-12-16,66207,Kansas City Metro,Kansas,673,46.50038001796449
2020-12-17,66207,Kansas City Metro,Kansas,681,47.05313342085262
2020-12-18,66207,Kansas City Metro,Kansas,686,47.398604297657705
2020-12-19,66207,Kansas City Metro,Kansas,696,48.089546051267874
2020-12-20,66207,Kansas City Metro,Kansas,701,48.43501692807296
2020-12-21,66207,Kansas City Metro,Kansas,706,48.78048780487805
2020-12-14,66208,Kansas City Metro,Kansas,978,45.92843054381516
2020-12-15,66208,Kansas City Metro,Kansas,985,46.257161641777024
2020-12-16,66208,Kansas City Metro,Kansas,1022,47.99474030243261
2020-12-17,66208,Kansas City Metro,Kansas,1046,49.12181835258758
2020-12-18,66208,Kansas City Metro,Kansas,1057,49.638395792241944
2020-12-19,66208,Kansas City Metro,Kansas,1061,49.82624213393444
2020-12-20,66208,Kansas City Metro,Kansas,1066,50.06105006105006
2020-12-21,66208,Kansas City Metro,Kansas,1074,50.43674274443506
2020-12-14,66209,Kansas City Metro,Kansas,856,43.16909576882344
2020-12-15,66209,Kansas City Metro,Kansas,862,43.47168288869837
2020-12-16,66209,Kansas City Metro,Kansas,875,44.127288315094056
2020-12-17,66209,Kansas City Metro,Kansas,891,44.9341873014272
2020-12-18,66209,Kansas City Metro,Kansas,912,45.99324222098946
2020-12-19,66209,Kansas City Metro,Kansas,929,46.85057239396843
2020-12-20,66209,Kansas City Metro,Kansas,930,46.90100358061426
2020-12-21,66209,Kansas City Metro,Kansas,933,47.052297140551715
2020-12-14,66210,Kansas City Metro,Kansas,773,41.35680273928629
2020-12-15,66210,Kansas City Metro,Kansas,779,41.67781285110481
2020-12-16,66210,Kansas City Metro,Kansas,784,41.945321277620245
2020-12-17,66210,Kansas City Metro,Kansas,797,42.640843186560375
2020-12-18,66210,Kansas City Metro,Kansas,804,43.01535498368199
2020-12-19,66210,Kansas City Metro,Kansas,810,43.336365095500504
2020-12-20,66210,Kansas City Metro,Kansas,814,43.550371836712856
2020-12-21,66210,Kansas City Metro,Kansas,816,43.65737520731903
2020-12-14,66211,Kansas City Metro,Kansas,225,47.558655675332915
2020-12-15,66211,Kansas City Metro,Kansas,228,48.19277108433735
2020-12-16,66211,Kansas City Metro,Kansas,237,50.09511731135067
2020-12-17,66211,Kansas City Metro,Kansas,241,50.94060452335659
2020-12-18,66211,Kansas City Metro,Kansas,246,51.99746353836398
2020-12-19,66211,Kansas City Metro,Kansas,249,52.63157894736842
2020-12-20,66211,Kansas City Metro,Kansas,252,53.265694356372855
2020-12-21,66211,Kansas City Metro,Kansas,252,53.265694356372855
2020-12-14,66212,Kansas City Metro,Kansas,1460,44.898210222030876
2020-12-15,66212,Kansas City Metro,Kansas,1466,45.08272341472416
2020-12-16,66212,Kansas City Metro,Kansas,1491,45.851528384279476
2020-12-17,66212,Kansas City Metro,Kansas,1511,46.46657235992373
2020-12-18,66212,Kansas City Metro,Kansas,1541,47.38913832339013
2020-12-19,66212,Kansas City Metro,Kansas,1562,48.03493449781659
2020-12-20,66212,Kansas City Metro,Kansas,1578,48.526969678331994
2020-12-21,66212,Kansas City Metro,Kansas,1588,48.83449166615413
2020-12-14,66213,Kansas City Metro,Kansas,1391,47.86154216701648
2020-12-15,66213,Kansas City Metro,Kansas,1395,47.999174207755566
2020-12-16,66213,Kansas City Metro,Kansas,1416,48.72174242163576
2020-12-17,66213,Kansas City Metro,Kansas,1437,49.44431063551595
2020-12-18,66213,Kansas City Metro,Kansas,1450,49.89161476791797
2020-12-19,66213,Kansas City Metro,Kansas,1466,50.44214293087431
2020-12-20,66213,Kansas City Metro,Kansas,1479,50.889447063276336
2020-12-21,66213,Kansas City Metro,Kansas,1486,51.13030313456972
2020-12-14,66214,Kansas City Metro,Kansas,517,42.59350799143187
2020-12-15,66214,Kansas City Metro,Kansas,518,42.67589388696655
2020-12-16,66214,Kansas City Metro,Kansas,528,43.4997528423134
2020-12-17,66214,Kansas City Metro,Kansas,534,43.9940682155215
2020-12-18,66214,Kansas City Metro,Kansas,540,44.488383588729604
2020-12-19,66214,Kansas City Metro,Kansas,548,45.147470753007084
2020-12-20,66214,Kansas City Metro,Kansas,549,45.22985664854177
2020-12-21,66214,Kansas City Metro,Kansas,551,45.39462843961114
2020-12-14,66215,Kansas City Metro,Kansas,1101,41.37386794934426
2020-12-15,66215,Kansas City Metro,Kansas,1107,41.599338619367934
2020-12-16,66215,Kansas City Metro,Kansas,1126,42.3133290744429
2020-12-17,66215,Kansas City Metro,Kansas,1143,42.95216263950997
2020-12-18,66215,Kansas City Metro,Kansas,1165,43.77888842959678
2020-12-19,66215,Kansas City Metro,Kansas,1180,44.342565104655975
2020-12-20,66215,Kansas City Metro,Kansas,1189,44.68077110969148
2020-12-21,66215,Kansas City Metro,Kansas,1200,45.09413400473489
2020-12-14,66216,Kansas City Metro,Kansas,1154,46.66963238565131
2020-12-15,66216,Kansas City Metro,Kansas,1168,47.23581510090185
2020-12-16,66216,Kansas City Metro,Kansas,1188,48.04464755125976
2020-12-17,66216,Kansas City Metro,Kansas,1197,48.40862215392081
2020-12-18,66216,Kansas City Metro,Kansas,1210,48.934363246653454
2020-12-19,66216,Kansas City Metro,Kansas,1222,49.4196627168682
2020-12-20,66216,Kansas City Metro,Kansas,1234,49.904962187082944
2020-12-21,66216,Kansas City Metro,Kansas,1242,50.22849516722611
2020-12-14,66217,Kansas City Metro,Kansas,239,40.93867762932511
2020-12-15,66217,Kansas City Metro,Kansas,240,41.109969167523126
2020-12-16,66217,Kansas City Metro,Kansas,243,41.62384378211716
2020-12-17,66217,Kansas City Metro,Kansas,247,42.30900993490921
2020-12-18,66217,Kansas City Metro,Kansas,249,42.651593011305245
2020-12-19,66217,Kansas City Metro,Kansas,251,42.99417608770126
2020-12-20,66217,Kansas City Metro,Kansas,253,43.336759164097295
2020-12-21,66217,Kansas City Metro,Kansas,256,43.85063377869133
2020-12-14,66218,Kansas City Metro,Kansas,423,50.9884281581485
2020-12-15,66218,Kansas City Metro,Kansas,430,51.83220829315333
2020-12-16,66218,Kansas City Metro,Kansas,434,52.314368370298936
2020-12-17,66218,Kansas City Metro,Kansas,447,53.88138862102218
2020-12-18,66218,Kansas City Metro,Kansas,451,54.36354869816779
2020-12-19,66218,Kansas City Metro,Kansas,459,55.32786885245901
2020-12-20,66218,Kansas City Metro,Kansas,465,56.05110896817744
2020-12-21,66218,Kansas City Metro,Kansas,471,56.77434908389585
2020-12-14,66219,Kansas City Metro,Kansas,611,50.032754667540125
2020-12-15,66219,Kansas City Metro,Kansas,616,50.44218801179168
2020-12-16,66219,Kansas City Metro,Kansas,626,51.26105470029479
2020-12-17,66219,Kansas City Metro,Kansas,632,51.752374713396655
2020-12-18,66219,Kansas City Metro,Kansas,639,52.32558139534884
2020-12-19,66219,Kansas City Metro,Kansas,643,52.65312807075008
2020-12-20,66219,Kansas City Metro,Kansas,647,52.98067474615133
2020-12-21,66219,Kansas City Metro,Kansas,648,53.06256141500164
2020-12-14,66220,Kansas City Metro,Kansas,366,51.05314548751569
2020-12-15,66220,Kansas City Metro,Kansas,371,51.75059283024132
2020-12-16,66220,Kansas City Metro,Kansas,377,52.58752964151207
2020-12-17,66220,Kansas City Metro,Kansas,379,52.86650857860232
2020-12-18,66220,Kansas City Metro,Kansas,383,53.424466452782816
2020-12-19,66220,Kansas City Metro,Kansas,391,54.540382201143814
2020-12-20,66220,Kansas City Metro,Kansas,394,54.95885060677919
2020-12-21,66220,Kansas City Metro,Kansas,399,55.65629794950482
2020-12-14,66221,Kansas City Metro,Kansas,969,55.51417931824692
2020-12-15,66221,Kansas City Metro,Kansas,980,56.14437124033228
2020-12-16,66221,Kansas City Metro,Kansas,992,56.83185333715267
2020-12-17,66221,Kansas City Metro,Kansas,1005,57.576625608708106
2020-12-18,66221,Kansas City Metro,Kansas,1011,57.92036665711831
2020-12-19,66221,Kansas City Metro,Kansas,1018,58.32139788026353
2020-12-20,66221,Kansas City Metro,Kansas,1024,58.665138928673734
2020-12-21,66221,Kansas City Metro,Kansas,1029,58.95158980234889
2020-12-14,66223,Kansas City Metro,Kansas,1007,39.53981466938904
2020-12-15,66223,Kansas City Metro,Kansas,1019,40.01099418878592
2020-12-16,66223,Kansas City Metro,Kansas,1038,40.757028427831
2020-12-17,66223,Kansas City Metro,Kansas,1048,41.14967802732841
2020-12-18,66223,Kansas City Metro,Kansas,1058,41.542327626825816
2020-12-19,66223,Kansas City Metro,Kansas,1060,41.620857546725304
2020-12-20,66223,Kansas City Metro,Kansas,1067,41.895712266373486
2020-12-21,66223,Kansas City Metro,Kansas,1071,42.052772106172455
2020-12-14,66224,Kansas City Metro,Kansas,657,47.052925592631894
2020-12-15,66224,Kansas City Metro,Kansas,658,47.12454343980486
2020-12-16,66224,Kansas City Metro,Kansas,670,47.98395760588033
2020-12-17,66224,Kansas City Metro,Kansas,674,48.27042899457214
2020-12-18,66224,Kansas City Metro,Kansas,681,48.771753924782836
2020-12-19,66224,Kansas City Metro,Kansas,688,49.27307885499353
2020-12-20,66224,Kansas City Metro,Kansas,691,49.4879323965124
2020-12-21,66224,Kansas City Metro,Kansas,699,50.060875173896044
2020-12-14,66226,Kansas City Metro,Kansas,710,50.20151311602913
2020-12-15,66226,Kansas City Metro,Kansas,721,50.97928303754508
2020-12-16,66226,Kansas City Metro,Kansas,735,51.96917202856537
2020-12-17,66226,Kansas City Metro,Kansas,752,53.171180089090015
2020-12-18,66226,Kansas City Metro,Kansas,770,54.4438945061161
2020-12-19,66226,Kansas City Metro,Kansas,777,54.93883900162624
2020-12-20,66226,Kansas City Metro,Kansas,789,55.787315279643636
2020-12-21,66226,Kansas City Metro,Kansas,794,56.14084706215089
2020-12-14,66227,Kansas City Metro,Kansas,370,59.75452196382429
2020-12-15,66227,Kansas City Metro,Kansas,372,60.077519379844965
2020-12-16,66227,Kansas City Metro,Kansas,382,61.692506459948326
2020-12-17,66227,Kansas City Metro,Kansas,388,62.66149870801034
2020-12-18,66227,Kansas City Metro,Kansas,393,63.468992248062015
2020-12-19,66227,Kansas City Metro,Kansas,396,63.95348837209303
2020-12-20,66227,Kansas City Metro,Kansas,396,63.95348837209303
2020-12-21,66227,Kansas City Metro,Kansas,401,64.7609819121447
